temperatura,umidade,area,ocupacao,hvac,iluminacao,energia_renovavel,feriado,consumo_energia,ano,mes,dia,hora,fim_de_semana,semana_do_ano,dia_semana_sexta,dia_semana_segunda,dia_semana_sabado,dia_semana_domingo,dia_semana_quinta,dia_semana_terca,dia_semana_quarta,periodo_madrugada,periodo_manha,periodo_noite,periodo_tarde
25.139433,43.43158,1565.694,5,1,0,2.7746987,0,75.36437,2022,1,1,0,1,1,0,0,1,0,0,0,0,1,0,0,0
27.731651,54.225918,1411.065,1,1,1,21.831385,0,83.401855,2022,1,1,1,1,1,0,0,1,0,0,0,0,1,0,0,0
28.704277,58.907658,1755.715,2,0,0,6.764672,0,78.27089,2022,1,1,2,1,1,0,0,1,0,0,0,0,1,0,0,0
20.08047,50.371635,1452.3163,1,0,1,8.623446,0,56.51985,2022,1,1,3,1,1,0,0,1,0,0,0,0,1,0,0,0
23.097359,51.40142,1094.1304,9,1,0,3.0719693,0,70.81173,2022,1,1,4,1,1,0,0,1,0,0,0,0,1,0,0,0
29.576036,36.824265,1871.7092,6,0,0,17.62669,1,84.321884,2022,1,1,5,1,1,0,0,1,0,0,0,0,0,1,0,0
25.131166,35.70962,1607.0012,6,1,0,24.264702,1,76.165794,2022,1,1,6,1,1,0,0,1,0,0,0,0,0,1,0,0
23.182844,31.67992,1633.9553,8,0,0,27.5171,1,74.131905,2022,1,1,7,1,1,0,0,1,0,0,0,0,0,1,0,0
25.392,46.399364,1240.3092,6,1,0,2.3075955,0,78.20624,2022,1,1,8,1,1,0,0,1,0,0,0,0,0,1,0,0
22.21255,32.418465,1705.4203,1,1,0,29.140072,0,77.99221,2022,1,1,9,1,1,0,0,1,0,0,0,0,0,1,0,0
28.064814,36.451473,1341.4672,2,0,0,0.3522384,1,82.27444,2022,1,1,10,1,1,0,0,1,0,0,0,0,0,1,0,0
23.422546,30.527342,1604.4183,6,1,1,19.529549,1,73.27867,2022,1,1,11,1,1,0,0,1,0,0,0,0,0,1,0,0
25.38889,47.601017,1244.6189,1,1,0,21.797443,1,84.144775,2022,1,1,12,1,1,0,0,1,0,0,0,0,0,0,0,1
20.058739,41.86164,1806.0526,2,0,0,6.384949,1,60.02252,2022,1,1,13,1,1,0,0,1,0,0,0,0,0,0,0,1
26.731525,37.29787,1419.749,6,0,0,12.0742235,1,81.18319,2022,1,1,14,1,1,0,0,1,0,0,0,0,0,0,0,1
22.100243,56.09918,1144.8063,8,0,1,10.90077,0,74.08125,2022,1,1,15,1,1,0,0,1,0,0,0,0,0,0,0,1
29.325577,56.954174,1620.8618,0,1,1,15.4539995,0,89.49821,2022,1,1,16,1,1,0,0,1,0,0,0,0,0,0,0,1
23.742447,42.245846,1413.5951,1,1,0,3.9406784,1,72.872444,2022,1,1,17,1,1,0,0,1,0,0,0,0,0,0,0,1
27.524189,47.17243,1832.1998,9,1,0,19.68896,0,83.899895,2022,1,1,18,1,1,0,0,1,0,0,0,0,0,0,1,0
27.63139,36.140293,1251.5537,4,1,1,8.848083,1,82.077576,2022,1,1,19,1,1,0,0,1,0,0,0,0,0,0,1,0
28.704994,59.931896,1211.2618,9,1,1,11.703978,1,94.23629,2022,1,1,20,1,1,0,0,1,0,0,0,0,0,0,1,0
21.101112,30.418007,1677.1052,3,0,0,14.517203,1,59.67238,2022,1,1,21,1,1,0,0,1,0,0,0,0,0,0,1,0
23.00092,43.638382,1228.3224,1,0,0,4.3028445,0,70.23523,2022,1,1,22,1,1,0,0,1,0,0,0,0,0,0,1,0
24.749058,57.21685,1253.7089,6,1,1,0.66033757,0,78.39421,2022,1,1,23,1,1,0,0,1,0,0,0,0,1,0,0,0
26.729366,46.194088,1533.8876,8,1,0,18.581034,0,87.841644,2022,1,2,0,1,1,0,0,0,1,0,0,0,1,0,0,0
22.575924,57.749573,1040.2062,8,0,1,8.906945,1,72.92985,2022,1,2,1,1,1,0,0,0,1,0,0,0,1,0,0,0
27.011513,52.637573,1701.2554,9,1,1,24.051355,0,86.66909,2022,1,2,2,1,1,0,0,0,1,0,0,0,1,0,0,0
26.57,43.33031,1126.0627,7,0,1,2.9434035,0,80.41143,2022,1,2,3,1,1,0,0,0,1,0,0,0,1,0,0,0
21.820078,56.855186,1289.6161,3,0,1,25.513775,1,64.2121,2022,1,2,4,1,1,0,0,0,1,0,0,0,1,0,0,0
23.22063,46.07388,1649.5104,2,0,1,18.270529,0,74.16034,2022,1,2,5,1,1,0,0,0,1,0,0,0,0,1,0,0
28.875374,31.803131,1887.2018,5,1,1,24.468836,1,81.04958,2022,1,2,6,1,1,0,0,0,1,0,0,0,0,1,0,0
20.833492,51.147007,1096.7031,1,1,0,21.8651,0,70.308174,2022,1,2,7,1,1,0,0,0,1,0,0,0,0,1,0,0
27.465641,34.94099,1491.288,9,1,0,4.6457386,0,82.28439,2022,1,2,8,1,1,0,0,0,1,0,0,0,0,1,0,0
20.6235,50.145035,1036.4623,6,0,1,0.37220126,0,59.847393,2022,1,2,9,1,1,0,0,0,1,0,0,0,0,1,0,0
27.314812,42.936054,1876.5103,4,1,0,1.1813312,1,82.504036,2022,1,2,10,1,1,0,0,0,1,0,0,0,0,1,0,0
27.425114,32.394787,1155.2301,9,1,0,8.166147,1,82.78245,2022,1,2,11,1,1,0,0,0,1,0,0,0,0,1,0,0
24.079159,54.095047,1850.322,7,0,0,21.060814,1,74.67411,2022,1,2,12,1,1,0,0,0,1,0,0,0,0,0,0,1
29.91383,53.34075,1924.1862,0,1,0,25.848055,0,86.88914,2022,1,2,13,1,1,0,0,0,1,0,0,0,0,0,0,1
24.521374,42.276474,1654.9299,7,1,0,1.6471723,1,78.54243,2022,1,2,14,1,1,0,0,0,1,0,0,0,0,0,0,1
21.898785,48.633514,1958.9635,4,1,1,20.217733,1,77.228455,2022,1,2,15,1,1,0,0,0,1,0,0,0,0,0,0,1
23.516264,52.37156,1517.1686,7,1,0,8.270639,1,73.73515,2022,1,2,16,1,1,0,0,0,1,0,0,0,0,0,0,1
27.148117,43.120865,1296.5818,8,1,0,16.997025,1,91.84341,2022,1,2,17,1,1,0,0,0,1,0,0,0,0,0,0,1
23.574354,52.851665,1491.88,2,0,0,24.460909,0,73.35071,2022,1,2,18,1,1,0,0,0,1,0,0,0,0,0,1,0
20.516186,40.9185,1114.2301,8,0,1,20.489098,1,66.202095,2022,1,2,19,1,1,0,0,0,1,0,0,0,0,0,1,0
23.15919,33.08815,1183.4937,6,0,1,15.654792,1,77.851776,2022,1,2,20,1,1,0,0,0,1,0,0,0,0,0,1,0
29.988047,51.19663,1516.7527,2,1,0,16.10496,0,90.981476,2022,1,2,21,1,1,0,0,0,1,0,0,0,0,0,1,0
22.87905,30.357761,1162.6593,7,1,1,13.390539,1,81.917076,2022,1,2,22,1,1,0,0,0,1,0,0,0,0,0,1,0
24.617958,49.041225,1666.0437,6,0,1,21.600155,1,70.22462,2022,1,2,23,1,1,0,0,0,1,0,0,0,1,0,0,0
27.35268,36.25925,1024.999,6,0,1,22.175022,0,88.73377,2022,1,3,0,0,1,0,1,0,0,0,0,0,1,0,0,0
29.436789,48.84845,1234.0853,2,0,0,6.6628747,1,76.55502,2022,1,3,1,0,1,0,1,0,0,0,0,0,1,0,0,0
21.754026,45.538643,1514.827,4,0,0,9.8461275,0,62.055054,2022,1,3,2,0,1,0,1,0,0,0,0,0,1,0,0,0
22.124214,47.343914,1919.12,6,0,0,5.352019,0,62.001892,2022,1,3,3,0,1,0,1,0,0,0,0,0,1,0,0,0
21.324776,33.615055,1857.2683,9,1,1,13.523867,1,80.452126,2022,1,3,4,0,1,0,1,0,0,0,0,0,1,0,0,0
22.086811,43.838917,1325.6002,5,0,0,12.27482,0,64.71822,2022,1,3,5,0,1,0,1,0,0,0,0,0,0,1,0,0
29.956879,56.788807,1864.7324,8,1,0,4.938738,1,91.87196,2022,1,3,6,0,1,0,1,0,0,0,0,0,0,1,0,0
22.466457,45.22841,1902.8038,6,0,1,0.5770304,0,69.69226,2022,1,3,7,0,1,0,1,0,0,0,0,0,0,1,0,0
21.100533,52.70578,1896.816,7,0,0,25.007683,0,63.850975,2022,1,3,8,0,1,0,1,0,0,0,0,0,0,1,0,0
25.023203,43.5865,1434.5264,1,0,0,2.1751378,1,68.80528,2022,1,3,9,0,1,0,1,0,0,0,0,0,0,1,0,0
24.561218,37.039318,1689.4554,3,0,0,21.331713,1,76.30131,2022,1,3,10,0,1,0,1,0,0,0,0,0,0,1,0,0
27.344902,33.6833,1187.6138,2,0,1,17.663954,0,84.03868,2022,1,3,11,0,1,0,1,0,0,0,0,0,0,1,0,0
26.209435,40.771603,1038.6768,1,0,0,14.779715,0,77.67379,2022,1,3,12,0,1,0,1,0,0,0,0,0,0,0,0,1
26.210703,42.084183,1098.7993,7,0,0,1.5540918,1,78.91225,2022,1,3,13,0,1,0,1,0,0,0,0,0,0,0,0,1
21.501726,43.353313,1546.5083,9,0,0,20.755903,1,64.04243,2022,1,3,14,0,1,0,1,0,0,0,0,0,0,0,0,1
25.382746,51.9027,1350.7566,0,0,0,27.748043,0,78.18728,2022,1,3,15,0,1,0,1,0,0,0,0,0,0,0,0,1
21.203472,49.61037,1529.6571,7,0,1,17.187332,0,63.39385,2022,1,3,16,0,1,0,1,0,0,0,0,0,0,0,0,1
21.530254,42.016884,1660.5353,8,1,0,7.675987,0,76.10618,2022,1,3,17,0,1,0,1,0,0,0,0,0,0,0,0,1
24.501785,48.58331,1631.6348,9,0,0,24.696388,1,60.144238,2022,1,3,18,0,1,0,1,0,0,0,0,0,0,0,1,0
24.290724,36.987736,1847.3956,6,1,0,10.955155,0,80.19264,2022,1,3,19,0,1,0,1,0,0,0,0,0,0,0,1,0
27.33662,50.87668,1143.1052,7,1,1,27.622484,1,86.22365,2022,1,3,20,0,1,0,1,0,0,0,0,0,0,0,1,0
20.735716,48.506638,1836.5426,4,0,1,9.295439,0,53.26328,2022,1,3,21,0,1,0,1,0,0,0,0,0,0,0,1,0
22.787859,43.95105,1134.0026,6,0,0,20.362583,1,64.96318,2022,1,3,22,0,1,0,1,0,0,0,0,0,0,0,1,0
21.652937,56.137047,1140.6016,8,0,1,19.512861,0,66.43892,2022,1,3,23,0,1,0,1,0,0,0,0,0,1,0,0,0
25.080881,59.671535,1897.7023,8,0,0,14.3918,0,75.91391,2022,1,4,0,0,1,0,0,0,0,0,1,0,1,0,0,0
25.792511,33.892216,1849.8296,7,1,0,25.875969,1,84.19147,2022,1,4,1,0,1,0,0,0,0,0,1,0,1,0,0,0
26.38608,43.295776,1851.5978,5,1,0,17.471964,1,75.25176,2022,1,4,2,0,1,0,0,0,0,0,1,0,1,0,0,0
22.140257,49.424877,1037.2069,7,0,1,3.3299077,1,75.01447,2022,1,4,3,0,1,0,0,0,0,0,1,0,1,0,0,0
24.175777,41.80015,1198.6252,6,0,0,18.470625,0,69.365746,2022,1,4,4,0,1,0,0,0,0,0,1,0,1,0,0,0
24.668142,43.14091,1310.8749,0,0,1,22.936054,1,78.04604,2022,1,4,5,0,1,0,0,0,0,0,1,0,0,1,0,0
20.830692,52.190178,1772.0857,7,0,0,21.711195,1,67.48479,2022,1,4,6,0,1,0,0,0,0,0,1,0,0,1,0,0
25.702728,53.316654,1050.3176,8,1,0,26.817108,0,78.25429,2022,1,4,7,0,1,0,0,0,0,0,1,0,0,1,0,0
22.285175,40.659912,1688.8909,4,1,1,19.455961,0,74.84338,2022,1,4,8,0,1,0,0,0,0,0,1,0,0,1,0,0
20.357298,52.95667,1150.2852,8,1,0,21.068312,0,64.641914,2022,1,4,9,0,1,0,0,0,0,0,1,0,0,1,0,0
29.645292,42.513607,1417.5933,7,1,1,7.7563133,0,89.08843,2022,1,4,10,0,1,0,0,0,0,0,1,0,0,1,0,0
20.7466,39.363068,1907.1676,0,1,1,11.895548,0,73.15433,2022,1,4,11,0,1,0,0,0,0,0,1,0,0,1,0,0
27.304802,48.595867,1348.3777,7,0,1,2.0506823,0,72.117096,2022,1,4,12,0,1,0,0,0,0,0,1,0,0,0,0,1
25.026299,48.09544,1711.6094,7,1,1,0.06282656,1,76.721565,2022,1,4,13,0,1,0,0,0,0,0,1,0,0,0,0,1
20.926107,46.185345,1619.5522,7,0,1,16.788692,1,65.97246,2022,1,4,14,0,1,0,0,0,0,0,1,0,0,0,0,1
25.239494,43.078365,1601.8132,3,0,0,0.1949426,1,61.53671,2022,1,4,15,0,1,0,0,0,0,0,1,0,0,0,0,1
24.34218,47.405956,1102.6057,8,0,0,1.3163304,1,77.384476,2022,1,4,16,0,1,0,0,0,0,0,1,0,0,0,0,1
25.480164,55.321384,1408.2789,7,1,0,23.134024,1,76.07662,2022,1,4,17,0,1,0,0,0,0,0,1,0,0,0,0,1
29.350069,30.88538,1045.0365,1,0,0,27.416817,1,74.867874,2022,1,4,18,0,1,0,0,0,0,0,1,0,0,0,1,0
29.950502,42.42526,1679.7732,4,0,1,13.953181,1,86.28935,2022,1,4,19,0,1,0,0,0,0,0,1,0,0,0,1,0
26.62318,37.72919,1361.2448,6,0,0,27.204342,0,83.87526,2022,1,4,20,0,1,0,0,0,0,0,1,0,0,0,1,0
23.541304,34.534904,1712.2817,8,0,0,29.273697,1,83.458046,2022,1,4,21,0,1,0,0,0,0,0,1,0,0,0,1,0
24.391571,53.03416,1982.7838,8,1,1,20.48767,0,81.996826,2022,1,4,22,0,1,0,0,0,0,0,1,0,0,0,1,0
27.75516,39.848106,1355.3853,8,1,0,6.843563,1,86.64692,2022,1,4,23,0,1,0,0,0,0,0,1,0,1,0,0,0
26.286905,40.706757,1384.3252,3,1,1,9.713537,1,75.98238,2022,1,5,0,0,1,0,0,0,0,0,0,1,1,0,0,0
20.97991,58.115627,1179.4862,9,0,0,8.577366,0,70.71436,2022,1,5,1,0,1,0,0,0,0,0,0,1,1,0,0,0
26.515862,58.656666,1389.6982,8,0,0,25.9344,0,81.74553,2022,1,5,2,0,1,0,0,0,0,0,0,1,1,0,0,0
29.68616,33.999603,1419.462,5,1,1,11.944144,1,85.182556,2022,1,5,3,0,1,0,0,0,0,0,0,1,1,0,0,0
22.36952,54.38706,1167.0981,9,1,0,25.046347,1,75.290405,2022,1,5,4,0,1,0,0,0,0,0,0,1,1,0,0,0
23.927237,53.67576,1193.201,9,1,1,6.5172243,0,85.18198,2022,1,5,5,0,1,0,0,0,0,0,0,1,0,1,0,0
20.826653,39.199615,1573.5115,9,1,1,27.637785,0,72.76704,2022,1,5,6,0,1,0,0,0,0,0,0,1,0,1,0,0
28.235508,54.700474,1419.6414,5,0,1,21.388872,0,81.81978,2022,1,5,7,0,1,0,0,0,0,0,0,1,0,1,0,0
22.894962,54.115116,1364.4711,6,1,1,10.789184,1,78.64588,2022,1,5,8,0,1,0,0,0,0,0,0,1,0,1,0,0
21.63998,59.411232,1258.0966,0,0,1,29.857723,0,66.951614,2022,1,5,9,0,1,0,0,0,0,0,0,1,0,1,0,0
21.63135,50.47608,1888.7015,4,0,0,5.6729875,0,71.17906,2022,1,5,10,0,1,0,0,0,0,0,0,1,0,1,0,0
22.779636,58.580185,1226.3187,1,0,0,25.210073,0,63.86191,2022,1,5,11,0,1,0,0,0,0,0,0,1,0,1,0,0
20.070625,54.008595,1457.8644,5,1,1,4.6818213,1,61.130943,2022,1,5,12,0,1,0,0,0,0,0,0,1,0,0,0,1
27.487556,38.514507,1130.0378,2,0,1,8.811531,1,79.72429,2022,1,5,13,0,1,0,0,0,0,0,0,1,0,0,0,1
28.538149,49.96585,1512.1381,4,0,1,9.808762,1,81.89399,2022,1,5,14,0,1,0,0,0,0,0,0,1,0,0,0,1
29.257025,38.184265,1293.974,1,0,1,21.162985,0,85.360405,2022,1,5,15,0,1,0,0,0,0,0,0,1,0,0,0,1
23.02145,47.875893,1610.7933,8,1,0,28.053867,1,77.77647,2022,1,5,16,0,1,0,0,0,0,0,0,1,0,0,0,1
24.741304,38.021446,1896.9409,2,1,1,23.232882,0,87.748,2022,1,5,17,0,1,0,0,0,0,0,0,1,0,0,0,1
27.403154,33.0316,1237.346,5,0,0,14.199557,1,72.39601,2022,1,5,18,0,1,0,0,0,0,0,0,1,0,0,1,0
26.506372,56.16763,1300.4431,3,0,0,12.832199,0,69.569016,2022,1,5,19,0,1,0,0,0,0,0,0,1,0,0,1,0
22.676178,47.26095,1038.2549,6,0,0,20.966305,1,73.25221,2022,1,5,20,0,1,0,0,0,0,0,0,1,0,0,1,0
23.892714,49.39508,1887.437,9,0,0,3.0707092,1,75.8144,2022,1,5,21,0,1,0,0,0,0,0,0,1,0,0,1,0
29.052408,39.08468,1221.8467,8,0,0,7.3740005,0,86.53487,2022,1,5,22,0,1,0,0,0,0,0,0,1,0,0,1,0
27.308422,58.567436,1239.6202,8,0,1,22.210966,1,81.19094,2022,1,5,23,0,1,0,0,0,0,0,0,1,1,0,0,0
20.76246,30.503616,1736.0149,4,1,0,8.830312,0,76.936455,2022,1,6,0,0,1,0,0,0,0,1,0,0,1,0,0,0
22.062782,57.568768,1204.372,1,0,0,5.3643193,0,64.59534,2022,1,6,1,0,1,0,0,0,0,1,0,0,1,0,0,0
28.883184,39.638668,1600.0514,9,0,1,5.8711643,0,81.10902,2022,1,6,2,0,1,0,0,0,0,1,0,0,1,0,0,0
24.12705,47.964035,1188.1041,3,1,1,27.944935,1,70.257744,2022,1,6,3,0,1,0,0,0,0,1,0,0,1,0,0,0
22.04511,33.324257,1735.0804,0,1,1,14.780811,0,65.98142,2022,1,6,4,0,1,0,0,0,0,1,0,0,1,0,0,0
23.469315,31.185003,1842.9698,4,1,1,4.0666595,1,76.19515,2022,1,6,5,0,1,0,0,0,0,1,0,0,0,1,0,0
24.121988,36.22532,1636.7396,1,0,0,11.777568,1,72.16382,2022,1,6,6,0,1,0,0,0,0,1,0,0,0,1,0,0
27.552845,34.53818,1073.0662,3,0,0,17.60057,0,74.118095,2022,1,6,7,0,1,0,0,0,0,1,0,0,0,1,0,0
21.330841,36.94767,1518.0006,2,1,0,9.506523,0,73.92815,2022,1,6,8,0,1,0,0,0,0,1,0,0,0,1,0,0
28.548212,34.65484,1096.8574,3,1,0,22.825422,0,80.511665,2022,1,6,9,0,1,0,0,0,0,1,0,0,0,1,0,0
23.798082,59.35729,1138.3768,2,0,1,24.21653,0,68.56409,2022,1,6,10,0,1,0,0,0,0,1,0,0,0,1,0,0
24.76878,46.22169,1075.2416,4,0,1,17.881958,0,71.4276,2022,1,6,11,0,1,0,0,0,0,1,0,0,0,1,0,0
21.301537,52.10151,1924.9998,0,1,0,24.401684,0,64.076965,2022,1,6,12,0,1,0,0,0,0,1,0,0,0,0,0,1
22.721973,35.899643,1229.558,1,0,1,7.759618,0,57.484444,2022,1,6,13,0,1,0,0,0,0,1,0,0,0,0,0,1
29.45838,56.40345,1724.5962,9,0,0,1.39999,0,82.59777,2022,1,6,14,0,1,0,0,0,0,1,0,0,0,0,0,1
24.743555,43.279526,1252.7106,2,0,0,26.163305,1,77.51805,2022,1,6,15,0,1,0,0,0,0,1,0,0,0,0,0,1
21.524265,33.25525,1381.6962,7,0,0,11.549039,0,71.01714,2022,1,6,16,0,1,0,0,0,0,1,0,0,0,0,0,1
25.521471,48.275784,1300.7041,0,0,0,10.146023,1,64.697914,2022,1,6,17,0,1,0,0,0,0,1,0,0,0,0,0,1
26.206692,46.43152,1659.1481,9,1,0,10.59393,0,76.30888,2022,1,6,18,0,1,0,0,0,0,1,0,0,0,0,1,0
28.490267,44.50404,1844.7772,0,0,1,29.350105,1,80.003845,2022,1,6,19,0,1,0,0,0,0,1,0,0,0,0,1,0
24.285688,39.688557,1194.878,3,0,0,23.389267,1,72.10407,2022,1,6,20,0,1,0,0,0,0,1,0,0,0,0,1,0
29.58087,45.41719,1400.0585,6,1,0,28.049398,1,93.78947,2022,1,6,21,0,1,0,0,0,0,1,0,0,0,0,1,0
21.956903,45.783123,1520.1425,7,1,1,28.46248,0,78.13896,2022,1,6,22,0,1,0,0,0,0,1,0,0,0,0,1,0
25.165894,39.604126,1520.1361,3,1,1,2.933334,0,87.324486,2022,1,6,23,0,1,0,0,0,0,1,0,0,1,0,0,0
24.015942,47.940536,1568.2833,3,0,0,14.993836,1,74.17905,2022,1,7,0,0,2,1,0,0,0,0,0,0,1,0,0,0
22.788164,34.078075,1710.9492,0,0,1,17.94625,0,69.91514,2022,1,7,1,0,2,1,0,0,0,0,0,0,1,0,0,0
26.040895,47.53823,1494.2672,8,1,1,11.359953,1,91.59435,2022,1,7,2,0,2,1,0,0,0,0,0,0,1,0,0,0
20.796724,34.411358,1294.4597,5,0,0,26.349524,1,76.138954,2022,1,7,3,0,2,1,0,0,0,0,0,0,1,0,0,0
24.951479,35.683033,1607.7489,9,1,1,19.996572,0,70.97691,2022,1,7,4,0,2,1,0,0,0,0,0,0,1,0,0,0
24.74072,46.1339,1528.4817,4,1,1,26.284412,0,79.43394,2022,1,7,5,0,2,1,0,0,0,0,0,0,0,1,0,0
27.358055,36.162907,1054.1714,3,0,1,27.755802,0,77.65217,2022,1,7,6,0,2,1,0,0,0,0,0,0,0,1,0,0
22.934563,34.016834,1081.9823,3,1,1,9.559638,1,74.1161,2022,1,7,7,0,2,1,0,0,0,0,0,0,0,1,0,0
22.170889,41.100628,1336.8492,4,0,1,18.726305,0,67.63764,2022,1,7,8,0,2,1,0,0,0,0,0,0,0,1,0,0
22.055805,47.310272,1314.0077,6,1,1,29.559721,1,72.590225,2022,1,7,9,0,2,1,0,0,0,0,0,0,0,1,0,0
29.820503,37.032448,1657.7646,6,0,1,28.83562,0,85.12073,2022,1,7,10,0,2,1,0,0,0,0,0,0,0,1,0,0
24.529238,39.48945,1587.9298,0,1,0,15.923691,0,76.92758,2022,1,7,11,0,2,1,0,0,0,0,0,0,0,1,0,0
29.58685,53.875317,1604.5142,1,1,0,25.676819,1,82.96294,2022,1,7,12,0,2,1,0,0,0,0,0,0,0,0,0,1
28.961065,43.883545,1686.8397,0,1,1,6.3224726,1,77.220085,2022,1,7,13,0,2,1,0,0,0,0,0,0,0,0,0,1
24.409071,43.31585,1311.4165,3,0,0,20.391466,0,71.131065,2022,1,7,14,0,2,1,0,0,0,0,0,0,0,0,0,1
24.09962,45.08272,1748.2362,2,0,1,27.237457,0,69.272224,2022,1,7,15,0,2,1,0,0,0,0,0,0,0,0,0,1
26.609642,59.727566,1796.4193,7,0,1,13.965053,0,82.23685,2022,1,7,16,0,2,1,0,0,0,0,0,0,0,0,0,1
29.339813,46.061504,1774.8944,5,1,0,15.410563,1,83.33162,2022,1,7,17,0,2,1,0,0,0,0,0,0,0,0,0,1
28.04537,39.32441,1120.3265,3,1,0,21.236338,1,95.07096,2022,1,7,18,0,2,1,0,0,0,0,0,0,0,0,1,0
24.744753,30.167452,1866.089,0,1,1,8.620038,0,79.80025,2022,1,7,19,0,2,1,0,0,0,0,0,0,0,0,1,0
24.939436,40.489574,1536.6268,4,1,0,11.486176,0,78.7305,2022,1,7,20,0,2,1,0,0,0,0,0,0,0,0,1,0
22.55395,41.048183,1317.1614,1,1,1,15.189541,1,85.42768,2022,1,7,21,0,2,1,0,0,0,0,0,0,0,0,1,0
26.074942,35.517323,1531.8854,6,0,1,6.3192005,0,84.03169,2022,1,7,22,0,2,1,0,0,0,0,0,0,0,0,1,0
20.63269,50.952435,1004.40656,5,1,1,26.359009,0,72.89059,2022,1,7,23,0,2,1,0,0,0,0,0,0,1,0,0,0
25.714735,42.298664,1999.2042,1,1,1,29.565863,0,75.61498,2022,1,8,0,1,2,0,0,1,0,0,0,0,1,0,0,0
20.914793,31.710094,1486.7809,5,0,1,4.3068604,0,71.78965,2022,1,8,1,1,2,0,0,1,0,0,0,0,1,0,0,0
25.205341,48.649902,1533.2081,3,0,0,4.054743,0,63.008156,2022,1,8,2,1,2,0,0,1,0,0,0,0,1,0,0,0
25.976524,38.484154,1595.4277,4,1,1,16.205204,0,94.55062,2022,1,8,3,1,2,0,0,1,0,0,0,0,1,0,0,0
27.726414,53.33918,1751.7227,2,1,0,21.647358,1,83.57683,2022,1,8,4,1,2,0,0,1,0,0,0,0,1,0,0,0
25.25112,33.634975,1822.8779,4,1,1,4.46268,1,84.69318,2022,1,8,5,1,2,0,0,1,0,0,0,0,0,1,0,0
26.392752,52.946526,1387.1176,2,0,0,4.6703687,0,78.586136,2022,1,8,6,1,2,0,0,1,0,0,0,0,0,1,0,0
25.40367,38.216106,1739.9319,2,1,0,29.11892,0,75.64668,2022,1,8,7,1,2,0,0,1,0,0,0,0,0,1,0,0
22.655825,54.16382,1086.476,7,0,1,8.779763,1,73.20687,2022,1,8,8,1,2,0,0,1,0,0,0,0,0,1,0,0
23.109785,53.8319,1483.8715,1,1,0,28.16249,0,74.33394,2022,1,8,9,1,2,0,0,1,0,0,0,0,0,1,0,0
24.430712,37.29842,1423.2986,9,1,1,19.145163,1,81.30054,2022,1,8,10,1,2,0,0,1,0,0,0,0,0,1,0,0
23.768469,49.085682,1312.4464,7,1,0,16.75337,0,78.22921,2022,1,8,11,1,2,0,0,1,0,0,0,0,0,1,0,0
25.673183,55.4373,1353.5197,0,0,0,14.255247,0,75.41032,2022,1,8,12,1,2,0,0,1,0,0,0,0,0,0,0,1
24.128752,56.931778,1666.7137,3,1,1,24.83747,0,71.18623,2022,1,8,13,1,2,0,0,1,0,0,0,0,0,0,0,1
29.53402,35.297947,1949.3385,2,0,1,9.666941,1,92.86092,2022,1,8,14,1,2,0,0,1,0,0,0,0,0,0,0,1
25.96679,38.73382,1616.5585,7,1,1,27.388245,0,82.10277,2022,1,8,15,1,2,0,0,1,0,0,0,0,0,0,0,1
24.74086,45.39176,1685.6747,4,1,1,16.57386,1,78.28653,2022,1,8,16,1,2,0,0,1,0,0,0,0,0,0,0,1
29.954996,55.09654,1107.203,5,0,0,26.99404,0,86.08747,2022,1,8,17,1,2,0,0,1,0,0,0,0,0,0,0,1
22.253939,39.754795,1899.0875,7,1,0,26.926931,1,74.576805,2022,1,8,18,1,2,0,0,1,0,0,0,0,0,0,1,0
24.543219,31.329138,1556.6592,9,1,1,9.653999,1,90.53847,2022,1,8,19,1,2,0,0,1,0,0,0,0,0,0,1,0
24.341976,43.538467,1332.2875,3,1,0,24.952276,1,76.76832,2022,1,8,20,1,2,0,0,1,0,0,0,0,0,0,1,0
27.605576,58.52258,1573.324,8,0,1,10.052394,0,86.41515,2022,1,8,21,1,2,0,0,1,0,0,0,0,0,0,1,0
25.715363,57.64434,1623.7827,5,1,1,26.939577,0,76.19438,2022,1,8,22,1,2,0,0,1,0,0,0,0,0,0,1,0
26.880562,51.623486,1118.1675,4,0,1,16.401205,0,76.93392,2022,1,8,23,1,2,0,0,1,0,0,0,0,1,0,0,0
24.119764,41.225613,1291.1084,0,0,1,1.8877738,1,71.055046,2022,1,9,0,1,2,0,0,0,1,0,0,0,1,0,0,0
22.17423,37.66493,1566.1812,9,0,1,15.488634,1,77.39615,2022,1,9,1,1,2,0,0,0,1,0,0,0,1,0,0,0
21.468668,34.52321,1666.9391,8,0,1,28.990595,0,70.65427,2022,1,9,2,1,2,0,0,0,1,0,0,0,1,0,0,0
22.547049,46.11825,1722.1556,3,1,0,17.526642,0,67.80755,2022,1,9,3,1,2,0,0,0,1,0,0,0,1,0,0,0
23.95916,31.208977,1730.5311,2,1,1,2.142626,1,72.07175,2022,1,9,4,1,2,0,0,0,1,0,0,0,1,0,0,0
20.68444,38.488,1284.5311,0,1,0,13.510405,1,59.608902,2022,1,9,5,1,2,0,0,0,1,0,0,0,0,1,0,0
28.000336,57.80399,1291.776,7,1,1,5.304089,1,90.01159,2022,1,9,6,1,2,0,0,0,1,0,0,0,0,1,0,0
20.687283,34.002304,1801.9602,6,1,0,2.4631038,0,73.377045,2022,1,9,7,1,2,0,0,0,1,0,0,0,0,1,0,0
20.372955,49.625423,1426.7291,4,0,0,6.6778007,1,70.978745,2022,1,9,8,1,2,0,0,0,1,0,0,0,0,1,0,0
21.992943,46.863194,1559.1885,3,1,1,14.646473,0,74.37958,2022,1,9,9,1,2,0,0,0,1,0,0,0,0,1,0,0
22.222803,50.010136,1314.5128,7,0,1,0.657587,0,67.64237,2022,1,9,10,1,2,0,0,0,1,0,0,0,0,1,0,0
22.646559,31.241663,1365.622,0,0,1,22.636324,1,71.53539,2022,1,9,11,1,2,0,0,0,1,0,0,0,0,1,0,0
20.145096,54.146698,1021.60425,6,0,0,20.020544,1,65.28899,2022,1,9,12,1,2,0,0,0,1,0,0,0,0,0,0,1
23.852436,34.388527,1829.1571,1,0,1,1.0668899,0,72.43113,2022,1,9,13,1,2,0,0,0,1,0,0,0,0,0,0,1
26.827152,52.877422,1262.6299,3,0,0,24.092049,0,75.68903,2022,1,9,14,1,2,0,0,0,1,0,0,0,0,0,0,1
20.983492,54.436806,1360.4524,0,1,0,20.944538,0,71.77872,2022,1,9,15,1,2,0,0,0,1,0,0,0,0,0,0,1
26.943941,31.9576,1846.2666,0,1,1,0.06845674,0,80.04392,2022,1,9,16,1,2,0,0,0,1,0,0,0,0,0,0,1
20.918701,35.619125,1541.7472,8,0,1,1.5465924,1,75.36944,2022,1,9,17,1,2,0,0,0,1,0,0,0,0,0,0,1
28.798483,37.71605,1091.8352,7,1,1,0.2983334,1,86.5506,2022,1,9,18,1,2,0,0,0,1,0,0,0,0,0,1,0
24.48036,56.39299,1184.701,7,0,1,5.728591,0,71.93815,2022,1,9,19,1,2,0,0,0,1,0,0,0,0,0,1,0
25.643103,51.839714,1196.7617,5,1,0,14.0173855,1,87.137085,2022,1,9,20,1,2,0,0,0,1,0,0,0,0,0,1,0
24.21718,53.53776,1319.8097,6,1,0,26.67669,1,73.58696,2022,1,9,21,1,2,0,0,0,1,0,0,0,0,0,1,0
28.030657,30.400534,1185.7145,2,1,1,13.437348,0,90.7251,2022,1,9,22,1,2,0,0,0,1,0,0,0,0,0,1,0
23.365633,52.015816,1582.2214,5,1,1,18.349741,0,72.996284,2022,1,9,23,1,2,0,0,0,1,0,0,0,1,0,0,0
23.260414,50.94771,1326.2246,5,0,0,28.838757,0,85.680756,2022,1,10,0,0,2,0,1,0,0,0,0,0,1,0,0,0
21.149412,51.2867,1979.9327,8,0,1,16.444138,0,69.30518,2022,1,10,1,0,2,0,1,0,0,0,0,0,1,0,0,0
28.177567,41.06553,1406.1936,0,1,0,6.408112,1,73.99984,2022,1,10,2,0,2,0,1,0,0,0,0,0,1,0,0,0
21.004494,32.80372,1188.5066,4,1,0,0.34178105,0,70.28576,2022,1,10,3,0,2,0,1,0,0,0,0,0,1,0,0,0
20.957066,54.457417,1801.3606,6,1,0,20.88179,0,75.17637,2022,1,10,4,0,2,0,1,0,0,0,0,0,1,0,0,0
26.970116,46.544,1740.2115,6,1,1,2.1400573,1,86.7156,2022,1,10,5,0,2,0,1,0,0,0,0,0,0,1,0,0
29.384853,49.777905,1950.0404,8,0,0,24.15966,1,90.452156,2022,1,10,6,0,2,0,1,0,0,0,0,0,0,1,0,0
20.986067,59.66965,1764.5175,2,1,0,8.495499,0,64.36966,2022,1,10,7,0,2,0,1,0,0,0,0,0,0,1,0,0
22.93477,50.516575,1284.5983,7,0,0,24.080051,1,68.35679,2022,1,10,8,0,2,0,1,0,0,0,0,0,0,1,0,0
21.301844,43.894413,1157.2401,2,1,0,21.226246,1,70.38083,2022,1,10,9,0,2,0,1,0,0,0,0,0,0,1,0,0
23.976742,53.500828,1280.7235,4,0,1,7.3474936,1,77.708046,2022,1,10,10,0,2,0,1,0,0,0,0,0,0,1,0,0
25.68059,52.69301,1665.0676,3,0,0,12.682597,0,68.52149,2022,1,10,11,0,2,0,1,0,0,0,0,0,0,1,0,0
28.298294,45.344933,1908.7882,0,0,0,11.433881,0,77.87769,2022,1,10,12,0,2,0,1,0,0,0,0,0,0,0,0,1
24.28434,50.420357,1016.5755,2,1,1,1.7439263,1,77.73573,2022,1,10,13,0,2,0,1,0,0,0,0,0,0,0,0,1
27.766342,58.505558,1341.8116,1,0,1,21.061106,1,83.24548,2022,1,10,14,0,2,0,1,0,0,0,0,0,0,0,0,1
23.973213,46.832115,1698.0413,8,1,1,0.006642105,1,80.30182,2022,1,10,15,0,2,0,1,0,0,0,0,0,0,0,0,1
24.69386,39.950882,1873.0146,3,0,0,10.976022,1,76.111916,2022,1,10,16,0,2,0,1,0,0,0,0,0,0,0,0,1
24.524153,59.47546,1601.7944,2,0,0,20.456238,0,64.04576,2022,1,10,17,0,2,0,1,0,0,0,0,0,0,0,0,1
22.342728,35.84059,1317.5415,7,1,0,29.366125,1,77.0161,2022,1,10,18,0,2,0,1,0,0,0,0,0,0,0,1,0
23.188507,58.871117,1880.0331,5,1,0,9.791575,0,78.7333,2022,1,10,19,0,2,0,1,0,0,0,0,0,0,0,1,0
29.720491,32.423676,1836.425,5,0,1,5.494192,1,87.44225,2022,1,10,20,0,2,0,1,0,0,0,0,0,0,0,1,0
20.8651,52.239353,1765.9213,4,1,1,0.087502986,0,72.43119,2022,1,10,21,0,2,0,1,0,0,0,0,0,0,0,1,0
26.320866,30.717545,1288.2592,5,0,0,7.871969,0,76.71625,2022,1,10,22,0,2,0,1,0,0,0,0,0,0,0,1,0
21.425446,51.567123,1693.3549,3,1,0,14.943251,0,67.80697,2022,1,10,23,0,2,0,1,0,0,0,0,0,1,0,0,0
25.100851,36.13765,1816.9609,3,1,0,15.272196,0,74.66521,2022,1,11,0,0,2,0,0,0,0,0,1,0,1,0,0,0
21.926455,44.605972,1135.0542,5,1,1,4.858261,0,77.024124,2022,1,11,1,0,2,0,0,0,0,0,1,0,1,0,0,0
20.25157,54.340843,1474.9972,0,0,0,9.870605,0,57.900482,2022,1,11,2,0,2,0,0,0,0,0,1,0,1,0,0,0
25.122614,31.323215,1101.8625,9,0,0,14.987521,0,73.95196,2022,1,11,3,0,2,0,0,0,0,0,1,0,1,0,0,0
24.4441,44.29229,1706.911,2,0,0,7.422181,0,77.15893,2022,1,11,4,0,2,0,0,0,0,0,1,0,1,0,0,0
26.718122,48.10132,1115.9259,7,1,0,25.137302,0,93.009445,2022,1,11,5,0,2,0,0,0,0,0,1,0,0,1,0,0
22.465363,43.033485,1514.3085,9,0,1,16.659416,0,80.362114,2022,1,11,6,0,2,0,0,0,0,0,1,0,0,1,0,0
29.659883,34.042286,1568.1926,4,1,0,24.646246,1,92.52121,2022,1,11,7,0,2,0,0,0,0,0,1,0,0,1,0,0
24.293022,32.059254,1953.9583,3,1,1,0.26887563,0,72.66317,2022,1,11,8,0,2,0,0,0,0,0,1,0,0,1,0,0
26.527039,45.75927,1208.2781,8,0,1,12.062214,0,78.20231,2022,1,11,9,0,2,0,0,0,0,0,1,0,0,1,0,0
26.904066,30.2492,1062.2124,4,1,0,9.694658,0,90.49171,2022,1,11,10,0,2,0,0,0,0,0,1,0,0,1,0,0
29.49047,34.6272,1232.0894,5,0,0,4.5438356,1,76.68184,2022,1,11,11,0,2,0,0,0,0,0,1,0,0,1,0,0
26.703875,38.379276,1422.84,2,1,1,27.415403,1,81.51852,2022,1,11,12,0,2,0,0,0,0,0,1,0,0,0,0,1
21.829342,42.41534,1874.4127,1,0,1,20.158499,1,67.31543,2022,1,11,13,0,2,0,0,0,0,0,1,0,0,0,0,1
26.502392,53.38213,1079.8116,8,0,1,1.6107981,0,79.496605,2022,1,11,14,0,2,0,0,0,0,0,1,0,0,0,0,1
28.126974,46.254173,1351.9104,7,1,1,9.621473,1,86.44734,2022,1,11,15,0,2,0,0,0,0,0,1,0,0,0,0,1
28.406254,50.72526,1439.8695,5,1,1,3.9557943,1,93.69481,2022,1,11,16,0,2,0,0,0,0,0,1,0,0,0,0,1
24.646433,51.58217,1491.1003,3,1,0,4.89175,0,79.48953,2022,1,11,17,0,2,0,0,0,0,0,1,0,0,0,0,1
26.693645,56.491096,1765.4303,8,1,0,9.455557,1,71.90488,2022,1,11,18,0,2,0,0,0,0,0,1,0,0,0,1,0
29.211096,36.394955,1977.2185,0,0,0,15.397317,0,77.41386,2022,1,11,19,0,2,0,0,0,0,0,1,0,0,0,1,0
24.950247,48.10441,1513.0721,0,0,1,23.679665,0,68.46854,2022,1,11,20,0,2,0,0,0,0,0,1,0,0,0,1,0
24.603617,47.175224,1280.2391,6,0,0,15.122463,1,72.99317,2022,1,11,21,0,2,0,0,0,0,0,1,0,0,0,1,0
29.59193,57.25634,1042.072,0,0,0,14.32804,1,83.226006,2022,1,11,22,0,2,0,0,0,0,0,1,0,0,0,1,0
29.876549,39.69924,1181.7465,1,1,0,13.211651,0,80.43141,2022,1,11,23,0,2,0,0,0,0,0,1,0,1,0,0,0
29.446484,45.99409,1702.1567,9,0,0,6.392153,1,81.66466,2022,1,12,0,0,2,0,0,0,0,0,0,1,1,0,0,0
29.599438,50.618748,1006.22534,5,1,1,0.8899839,1,91.90838,2022,1,12,1,0,2,0,0,0,0,0,0,1,1,0,0,0
22.554829,47.79165,1130.0024,2,1,0,2.1819077,1,65.67603,2022,1,12,2,0,2,0,0,0,0,0,0,1,1,0,0,0
26.148008,30.738403,1468.4175,5,1,0,23.691307,1,76.23585,2022,1,12,3,0,2,0,0,0,0,0,0,1,1,0,0,0
24.929424,36.42624,1341.9076,8,1,1,11.487227,1,81.5468,2022,1,12,4,0,2,0,0,0,0,0,0,1,1,0,0,0
24.797543,44.307457,1887.0946,8,0,1,6.746035,0,83.75996,2022,1,12,5,0,2,0,0,0,0,0,0,1,0,1,0,0
23.349865,33.098465,1721.5212,3,1,1,5.5245442,1,76.63973,2022,1,12,6,0,2,0,0,0,0,0,0,1,0,1,0,0
24.600721,43.64623,1854.8777,7,0,1,16.995707,1,73.629974,2022,1,12,7,0,2,0,0,0,0,0,0,1,0,1,0,0
25.006287,38.0805,1766.6271,3,1,0,17.590872,1,86.84929,2022,1,12,8,0,2,0,0,0,0,0,0,1,0,1,0,0
20.703182,41.905365,1494.2025,4,1,1,27.689632,1,66.84868,2022,1,12,9,0,2,0,0,0,0,0,0,1,0,1,0,0
23.474394,39.76224,1602.6432,8,0,1,13.960286,1,73.05781,2022,1,12,10,0,2,0,0,0,0,0,0,1,0,1,0,0
22.859777,37.401127,1508.0164,1,0,0,7.0002856,0,74.12653,2022,1,12,11,0,2,0,0,0,0,0,0,1,0,1,0,0
23.679049,34.900696,1148.5566,2,1,1,20.450405,1,79.9385,2022,1,12,12,0,2,0,0,0,0,0,0,1,0,0,0,1
28.318388,40.43914,1171.7322,1,0,0,25.90073,0,78.63689,2022,1,12,13,0,2,0,0,0,0,0,0,1,0,0,0,1
25.304464,48.43951,1886.2184,1,1,0,5.6894155,0,65.44543,2022,1,12,14,0,2,0,0,0,0,0,0,1,0,0,0,1
22.09209,50.565063,1946.4816,7,0,1,20.756315,0,74.71188,2022,1,12,15,0,2,0,0,0,0,0,0,1,0,0,0,1
22.740145,45.29157,1278.9061,7,1,1,28.701183,1,71.56881,2022,1,12,16,0,2,0,0,0,0,0,0,1,0,0,0,1
29.248672,48.087677,1025.0399,4,1,0,25.683313,1,91.49098,2022,1,12,17,0,2,0,0,0,0,0,0,1,0,0,0,1
21.430706,47.48688,1481.1483,3,1,0,19.35166,1,66.97225,2022,1,12,18,0,2,0,0,0,0,0,0,1,0,0,1,0
23.778692,52.777267,1867.1677,1,0,0,6.550839,0,75.67917,2022,1,12,19,0,2,0,0,0,0,0,0,1,0,0,1,0
24.731983,36.3414,1669.0673,3,0,1,2.7416093,0,66.82946,2022,1,12,20,0,2,0,0,0,0,0,0,1,0,0,1,0
25.59779,36.56133,1473.0986,2,1,1,7.2053385,1,86.77962,2022,1,12,21,0,2,0,0,0,0,0,0,1,0,0,1,0
29.74373,34.166916,1249.794,7,0,1,7.74527,0,83.34114,2022,1,12,22,0,2,0,0,0,0,0,0,1,0,0,1,0
24.223267,49.20816,1228.2969,2,0,1,0.25147521,0,66.15,2022,1,12,23,0,2,0,0,0,0,0,0,1,1,0,0,0
23.324625,36.354774,1241.3833,0,0,0,17.027744,0,66.17762,2022,1,13,0,0,2,0,0,0,0,1,0,0,1,0,0,0
28.303892,46.032173,1085.15,3,1,1,15.784205,1,94.17852,2022,1,13,1,0,2,0,0,0,0,1,0,0,1,0,0,0
29.625555,39.954136,1498.3212,7,1,0,9.111346,1,89.632515,2022,1,13,2,0,2,0,0,0,0,1,0,0,1,0,0,0
20.612572,49.693535,1991.558,7,1,1,22.236551,0,71.85137,2022,1,13,3,0,2,0,0,0,0,1,0,0,1,0,0,0
29.927677,54.179142,1182.7095,1,1,0,13.395788,0,85.92555,2022,1,13,4,0,2,0,0,0,0,1,0,0,1,0,0,0
27.326782,51.07481,1920.4408,0,0,1,0.70258886,1,72.64321,2022,1,13,5,0,2,0,0,0,0,1,0,0,0,1,0,0
21.841436,57.52848,1214.5756,1,0,0,2.915925,1,71.369354,2022,1,13,6,0,2,0,0,0,0,1,0,0,0,1,0,0
21.118692,47.80595,1883.415,0,0,0,0.05576311,0,56.158207,2022,1,13,7,0,2,0,0,0,0,1,0,0,0,1,0,0
20.751797,44.1028,1960.702,5,0,1,22.336042,1,64.15908,2022,1,13,8,0,2,0,0,0,0,1,0,0,0,1,0,0
26.169949,47.692814,1153.6697,6,0,1,2.911491,1,78.553,2022,1,13,9,0,2,0,0,0,0,1,0,0,0,1,0,0
23.17226,49.57771,1723.5651,8,1,0,26.687586,0,83.95705,2022,1,13,10,0,2,0,0,0,0,1,0,0,0,1,0,0
25.272816,40.193638,1047.0337,1,0,1,6.1398478,0,71.79237,2022,1,13,11,0,2,0,0,0,0,1,0,0,0,1,0,0
21.800785,49.950245,1700.6708,9,1,1,6.8128257,0,75.05653,2022,1,13,12,0,2,0,0,0,0,1,0,0,0,0,0,1
29.672113,56.543907,1196.2411,8,0,1,2.5054405,0,80.48704,2022,1,13,13,0,2,0,0,0,0,1,0,0,0,0,0,1
25.744888,58.604664,1125.7253,5,0,0,18.971907,1,85.70653,2022,1,13,14,0,2,0,0,0,0,1,0,0,0,0,0,1
28.371521,58.461655,1614.1876,3,0,1,19.908451,1,84.5861,2022,1,13,15,0,2,0,0,0,0,1,0,0,0,0,0,1
23.336912,46.0718,1444.1293,4,0,1,8.829937,1,71.58908,2022,1,13,16,0,2,0,0,0,0,1,0,0,0,0,0,1
29.073275,55.486885,1914.4521,0,1,0,6.271507,1,79.76637,2022,1,13,17,0,2,0,0,0,0,1,0,0,0,0,0,1
24.496063,59.555843,1783.0527,5,1,0,22.666245,0,68.195595,2022,1,13,18,0,2,0,0,0,0,1,0,0,0,0,1,0
24.005802,49.420887,1711.8536,3,1,0,24.386164,1,66.00178,2022,1,13,19,0,2,0,0,0,0,1,0,0,0,0,1,0
27.922213,44.018948,1858.6649,2,0,1,11.724684,1,80.5144,2022,1,13,20,0,2,0,0,0,0,1,0,0,0,0,1,0
24.047823,54.587234,1758.4183,8,1,0,14.162247,0,83.2194,2022,1,13,21,0,2,0,0,0,0,1,0,0,0,0,1,0
28.837301,38.597515,1729.451,5,1,1,6.6589108,1,96.2448,2022,1,13,22,0,2,0,0,0,0,1,0,0,0,0,1,0
24.100296,40.031574,1892.4238,9,0,1,21.794893,0,73.10864,2022,1,13,23,0,2,0,0,0,0,1,0,0,1,0,0,0
20.960629,50.875465,1380.0443,5,0,1,26.668406,1,69.615974,2022,1,14,0,0,3,1,0,0,0,0,0,0,1,0,0,0
24.828756,55.597313,1057.9928,3,1,1,26.099707,0,85.17992,2022,1,14,1,0,3,1,0,0,0,0,0,0,1,0,0,0
27.707012,30.19726,1856.876,2,1,0,25.990387,0,84.492195,2022,1,14,2,0,3,1,0,0,0,0,0,0,1,0,0,0
21.436573,35.16035,1545.786,4,1,0,3.3453124,0,70.536,2022,1,14,3,0,3,1,0,0,0,0,0,0,1,0,0,0
21.869408,34.397343,1189.8486,5,0,0,21.284298,1,60.4918,2022,1,14,4,0,3,1,0,0,0,0,0,0,1,0,0,0
26.895422,33.03578,1757.0839,6,1,0,22.399406,0,82.167725,2022,1,14,5,0,3,1,0,0,0,0,0,0,0,1,0,0
29.841404,31.514423,1549.1528,3,0,0,3.0583436,1,81.91204,2022,1,14,6,0,3,1,0,0,0,0,0,0,0,1,0,0
21.623251,57.409256,1090.6316,2,0,1,10.885012,0,70.01667,2022,1,14,7,0,3,1,0,0,0,0,0,0,0,1,0,0
29.971165,30.521685,1868.8873,5,1,1,24.148119,0,94.076256,2022,1,14,8,0,3,1,0,0,0,0,0,0,0,1,0,0
24.475683,55.101406,1121.2944,3,1,1,26.923872,1,74.400795,2022,1,14,9,0,3,1,0,0,0,0,0,0,0,1,0,0
27.7467,39.67821,1390.0328,5,1,1,9.2393,1,89.50707,2022,1,14,10,0,3,1,0,0,0,0,0,0,0,1,0,0
26.478989,53.26256,1491.7439,6,0,1,29.398758,0,81.44492,2022,1,14,11,0,3,1,0,0,0,0,0,0,0,1,0,0
29.66139,30.625189,1073.0718,7,1,1,17.328602,1,82.02666,2022,1,14,12,0,3,1,0,0,0,0,0,0,0,0,0,1
28.495386,49.570038,1217.1051,8,0,0,26.79985,1,86.58972,2022,1,14,13,0,3,1,0,0,0,0,0,0,0,0,0,1
23.676638,38.600246,1911.6396,6,1,1,14.118308,0,73.313385,2022,1,14,14,0,3,1,0,0,0,0,0,0,0,0,0,1
22.976248,49.55549,1015.9412,6,0,0,11.264708,0,63.94519,2022,1,14,15,0,3,1,0,0,0,0,0,0,0,0,0,1
25.556091,53.10645,1109.2238,4,0,1,8.216059,0,71.68216,2022,1,14,16,0,3,1,0,0,0,0,0,0,0,0,0,1
24.355673,50.654583,1966.993,3,1,1,10.2439375,0,80.88488,2022,1,14,17,0,3,1,0,0,0,0,0,0,0,0,0,1
22.493584,30.691273,1754.0105,4,1,1,26.903881,0,69.36518,2022,1,14,18,0,3,1,0,0,0,0,0,0,0,0,1,0
25.028103,54.247295,1504.3927,9,1,0,19.219042,0,77.11136,2022,1,14,19,0,3,1,0,0,0,0,0,0,0,0,1,0
24.754215,54.100807,1314.109,0,0,0,1.2121656,1,66.83339,2022,1,14,20,0,3,1,0,0,0,0,0,0,0,0,1,0
26.660122,41.644966,1185.8942,7,0,1,8.453896,1,86.27594,2022,1,14,21,0,3,1,0,0,0,0,0,0,0,0,1,0
29.940554,51.648907,1581.5139,8,1,0,10.14345,0,93.67537,2022,1,14,22,0,3,1,0,0,0,0,0,0,0,0,1,0
25.292793,56.578392,1863.038,9,1,1,9.645916,1,78.51638,2022,1,14,23,0,3,1,0,0,0,0,0,0,1,0,0,0
29.835752,34.78761,1792.5005,8,1,1,14.453882,0,92.94947,2022,1,15,0,1,3,0,0,1,0,0,0,0,1,0,0,0
28.32308,40.202736,1857.7943,8,0,0,27.62957,0,81.035126,2022,1,15,1,1,3,0,0,1,0,0,0,0,1,0,0,0
23.530542,45.031086,1126.4994,7,0,1,28.95438,0,82.69985,2022,1,15,2,1,3,0,0,1,0,0,0,0,1,0,0,0
25.485926,48.30515,1091.2899,5,1,1,12.940199,0,72.51617,2022,1,15,3,1,3,0,0,1,0,0,0,0,1,0,0,0
29.103357,32.39645,1049.1555,4,1,1,18.625229,0,89.10422,2022,1,15,4,1,3,0,0,1,0,0,0,0,1,0,0,0
23.604855,59.20251,1345.8804,2,1,0,17.479406,0,75.10348,2022,1,15,5,1,3,0,0,1,0,0,0,0,0,1,0,0
22.201136,58.28734,1388.7506,5,1,1,13.466856,1,67.43477,2022,1,15,6,1,3,0,0,1,0,0,0,0,0,1,0,0
29.647247,56.63048,1930.9093,7,1,0,3.7720351,1,87.24482,2022,1,15,7,1,3,0,0,1,0,0,0,0,0,1,0,0
22.539923,49.58992,1600.2225,9,0,1,19.30548,1,71.39509,2022,1,15,8,1,3,0,0,1,0,0,0,0,0,1,0,0
29.15644,35.713795,1080.1158,2,1,1,21.90719,1,86.43309,2022,1,15,9,1,3,0,0,1,0,0,0,0,0,1,0,0
20.792398,41.965668,1241.6913,3,1,0,21.472221,0,68.2435,2022,1,15,10,1,3,0,0,1,0,0,0,0,0,1,0,0
21.76622,43.39762,1872.3086,8,1,0,29.06376,0,77.32619,2022,1,15,11,1,3,0,0,1,0,0,0,0,0,1,0,0
27.418697,50.706203,1215.5839,9,1,1,2.4145007,1,87.63455,2022,1,15,12,1,3,0,0,1,0,0,0,0,0,0,0,1
29.598787,32.499683,1688.7877,2,0,1,11.414886,0,85.04771,2022,1,15,13,1,3,0,0,1,0,0,0,0,0,0,0,1
22.883364,57.85275,1828.997,8,0,0,5.829147,0,73.25681,2022,1,15,14,1,3,0,0,1,0,0,0,0,0,0,0,1
24.123861,33.7955,1370.8352,9,1,1,9.35103,1,86.13804,2022,1,15,15,1,3,0,0,1,0,0,0,0,0,0,0,1
24.92036,59.29309,1250.885,5,0,0,11.105181,0,73.30171,2022,1,15,16,1,3,0,0,1,0,0,0,0,0,0,0,1
24.867073,56.90694,1872.0403,9,1,0,27.155508,0,77.758224,2022,1,15,17,1,3,0,0,1,0,0,0,0,0,0,0,1
26.416073,58.01015,1060.6548,0,0,0,0.45032933,0,69.980896,2022,1,15,18,1,3,0,0,1,0,0,0,0,0,0,1,0
29.934092,51.026985,1008.281,2,0,1,12.041117,0,81.71962,2022,1,15,19,1,3,0,0,1,0,0,0,0,0,0,1,0
26.641327,55.26262,1004.8054,8,0,0,15.106151,0,83.187706,2022,1,15,20,1,3,0,0,1,0,0,0,0,0,0,1,0
29.531473,47.136635,1740.726,3,0,0,25.730083,0,74.50066,2022,1,15,21,1,3,0,0,1,0,0,0,0,0,0,1,0
25.649605,37.517727,1972.8741,4,1,0,21.769579,0,85.30243,2022,1,15,22,1,3,0,0,1,0,0,0,0,0,0,1,0
20.58671,49.407608,1060.1018,4,0,1,16.683832,1,68.16642,2022,1,15,23,1,3,0,0,1,0,0,0,0,1,0,0,0
25.015099,39.80486,1151.84,1,1,0,18.05688,0,78.27308,2022,1,16,0,1,3,0,0,0,1,0,0,0,1,0,0,0
27.085201,55.76623,1633.9589,5,1,0,5.863375,1,83.73032,2022,1,16,1,1,3,0,0,0,1,0,0,0,1,0,0,0
25.463026,43.33427,1061.8134,3,1,0,6.61604,1,91.2651,2022,1,16,2,1,3,0,0,0,1,0,0,0,1,0,0,0
24.932758,37.658714,1143.8341,0,1,1,6.538047,0,84.27007,2022,1,16,3,1,3,0,0,0,1,0,0,0,1,0,0,0
20.729853,51.52163,1630.317,6,1,0,27.399328,1,72.9926,2022,1,16,4,1,3,0,0,0,1,0,0,0,1,0,0,0
26.594866,43.34592,1337.2318,0,0,1,24.854366,0,82.859634,2022,1,16,5,1,3,0,0,0,1,0,0,0,0,1,0,0
23.945621,34.187847,1449.9307,1,1,1,26.593908,0,77.19419,2022,1,16,6,1,3,0,0,0,1,0,0,0,0,1,0,0
27.433207,52.278137,1753.8448,1,1,1,19.700047,0,94.62024,2022,1,16,7,1,3,0,0,0,1,0,0,0,0,1,0,0
29.454845,39.18905,1279.2997,9,1,0,21.63753,0,89.00358,2022,1,16,8,1,3,0,0,0,1,0,0,0,0,1,0,0
26.625763,55.987186,1057.987,0,0,0,19.495008,0,68.83167,2022,1,16,9,1,3,0,0,0,1,0,0,0,0,1,0,0
24.209139,55.10485,1310.2167,6,1,1,15.717499,0,84.01097,2022,1,16,10,1,3,0,0,0,1,0,0,0,0,1,0,0
27.246529,36.553177,1069.9047,9,0,1,5.686641,1,78.97906,2022,1,16,11,1,3,0,0,0,1,0,0,0,0,1,0,0
22.875582,53.105236,1032.4325,5,0,1,21.079384,0,67.48245,2022,1,16,12,1,3,0,0,0,1,0,0,0,0,0,0,1
26.490492,59.587975,1439.4568,5,0,0,20.626818,1,78.832214,2022,1,16,13,1,3,0,0,0,1,0,0,0,0,0,0,1
29.847836,57.01353,1250.5024,3,0,0,20.195807,0,89.161705,2022,1,16,14,1,3,0,0,0,1,0,0,0,0,0,0,1
25.75067,45.98494,1911.4358,1,1,1,7.607162,1,80.90874,2022,1,16,15,1,3,0,0,0,1,0,0,0,0,0,0,1
26.211521,56.22313,1145.2385,1,0,1,3.207136,1,69.84645,2022,1,16,16,1,3,0,0,0,1,0,0,0,0,0,0,1
25.271975,37.928658,1888.9498,9,1,0,23.708443,1,93.61749,2022,1,16,17,1,3,0,0,0,1,0,0,0,0,0,0,1
24.685148,59.812355,1899.374,4,0,1,19.010075,0,71.720436,2022,1,16,18,1,3,0,0,0,1,0,0,0,0,0,1,0
29.989584,48.613266,1933.023,4,0,1,14.994136,1,78.845604,2022,1,16,19,1,3,0,0,0,1,0,0,0,0,0,1,0
21.762518,46.152615,1353.9165,6,1,0,10.675249,1,73.12302,2022,1,16,20,1,3,0,0,0,1,0,0,0,0,0,1,0
21.30134,55.445362,1697.4833,0,0,1,26.892403,1,63.87007,2022,1,16,21,1,3,0,0,0,1,0,0,0,0,0,1,0
27.121077,48.233585,1396.9994,0,0,1,21.964968,1,79.8559,2022,1,16,22,1,3,0,0,0,1,0,0,0,0,0,1,0
28.779058,46.13661,1531.3549,3,0,0,1.9565138,0,87.41591,2022,1,16,23,1,3,0,0,0,1,0,0,0,1,0,0,0
24.346552,33.724747,1184.3207,8,0,1,12.175547,0,78.57276,2022,1,17,0,0,3,0,1,0,0,0,0,0,1,0,0,0
28.04969,52.792683,1415.155,3,1,1,28.150951,0,91.41237,2022,1,17,1,0,3,0,1,0,0,0,0,0,1,0,0,0
27.22657,52.912815,1899.0758,7,0,1,15.5078945,0,81.73189,2022,1,17,2,0,3,0,1,0,0,0,0,0,1,0,0,0
27.875946,41.8184,1796.8071,0,0,0,8.364369,0,79.164185,2022,1,17,3,0,3,0,1,0,0,0,0,0,1,0,0,0
28.97887,51.24236,1089.5127,6,1,1,2.929444,0,86.152176,2022,1,17,4,0,3,0,1,0,0,0,0,0,1,0,0,0
27.066683,56.018066,1745.395,4,1,0,14.837525,1,81.36889,2022,1,17,5,0,3,0,1,0,0,0,0,0,0,1,0,0
24.41383,51.714725,1142.3236,1,0,0,9.115813,1,71.93956,2022,1,17,6,0,3,0,1,0,0,0,0,0,0,1,0,0
29.764202,40.901012,1463.8302,6,1,1,15.321499,0,99.20112,2022,1,17,7,0,3,0,1,0,0,0,0,0,0,1,0,0
22.11281,52.752346,1603.3318,1,0,0,8.886757,1,63.122707,2022,1,17,8,0,3,0,1,0,0,0,0,0,0,1,0,0
24.94066,45.421597,1121.2708,0,1,0,16.140574,1,81.98143,2022,1,17,9,0,3,0,1,0,0,0,0,0,0,1,0,0
24.577255,33.414463,1922.0986,2,1,0,12.054476,0,80.25249,2022,1,17,10,0,3,0,1,0,0,0,0,0,0,1,0,0
21.252804,44.908558,1562.6039,5,0,1,24.053234,1,71.29929,2022,1,17,11,0,3,0,1,0,0,0,0,0,0,1,0,0
29.884394,40.987587,1329.9789,5,0,0,24.555187,0,88.01461,2022,1,17,12,0,3,0,1,0,0,0,0,0,0,0,0,1
20.644247,54.8472,1798.3558,7,0,0,5.7695556,1,66.269325,2022,1,17,13,0,3,0,1,0,0,0,0,0,0,0,0,1
28.113888,36.613403,1409.0518,8,1,1,16.78885,0,82.26694,2022,1,17,14,0,3,0,1,0,0,0,0,0,0,0,0,1
28.130177,35.994034,1766.3202,0,1,1,8.176594,1,87.043076,2022,1,17,15,0,3,0,1,0,0,0,0,0,0,0,0,1
21.088594,41.24566,1861.4751,8,1,1,1.7346812,1,77.37513,2022,1,17,16,0,3,0,1,0,0,0,0,0,0,0,0,1
23.77636,40.347065,1157.145,2,0,1,22.022291,0,65.9818,2022,1,17,17,0,3,0,1,0,0,0,0,0,0,0,0,1
22.234646,47.22999,1855.5027,3,0,0,25.987465,1,60.54146,2022,1,17,18,0,3,0,1,0,0,0,0,0,0,0,1,0
29.082098,40.039608,1774.5116,6,0,0,19.173012,1,92.04714,2022,1,17,19,0,3,0,1,0,0,0,0,0,0,0,1,0
26.593403,52.416164,1210.7439,8,0,0,20.440697,0,85.23655,2022,1,17,20,0,3,0,1,0,0,0,0,0,0,0,1,0
22.16262,34.69721,1104.3295,5,1,0,20.53966,1,64.86893,2022,1,17,21,0,3,0,1,0,0,0,0,0,0,0,1,0
24.60027,58.781975,1103.3317,1,0,1,12.415495,1,65.37884,2022,1,17,22,0,3,0,1,0,0,0,0,0,0,0,1,0
28.870705,31.767717,1915.3649,3,1,0,8.410631,0,88.69141,2022,1,17,23,0,3,0,1,0,0,0,0,0,1,0,0,0
29.963232,52.72792,1419.5042,5,0,1,20.743114,1,86.91937,2022,1,18,0,0,3,0,0,0,0,0,1,0,1,0,0,0
23.751219,49.327187,1603.5759,9,1,1,0.12041875,0,83.9065,2022,1,18,1,0,3,0,0,0,0,0,1,0,1,0,0,0
24.791798,30.570375,1499.9246,5,0,0,3.4970164,0,74.11456,2022,1,18,2,0,3,0,0,0,0,0,1,0,1,0,0,0
22.296356,40.901363,1568.7501,8,1,0,21.578186,0,83.8911,2022,1,18,3,0,3,0,0,0,0,0,1,0,1,0,0,0
21.968178,50.37893,1709.3905,8,1,0,2.9383159,0,71.04837,2022,1,18,4,0,3,0,0,0,0,0,1,0,1,0,0,0
25.04055,44.50249,1493.825,5,1,1,22.54505,0,81.67675,2022,1,18,5,0,3,0,0,0,0,0,1,0,0,1,0,0
24.790527,52.755833,1514.5333,5,1,1,17.73016,1,85.433304,2022,1,18,6,0,3,0,0,0,0,0,1,0,0,1,0,0
29.759457,59.4125,1979.7494,9,0,0,10.608493,1,71.31149,2022,1,18,7,0,3,0,0,0,0,0,1,0,0,1,0,0
20.572218,43.97216,1828.686,5,1,1,0.03579337,0,71.59494,2022,1,18,8,0,3,0,0,0,0,0,1,0,0,1,0,0
21.49111,39.48881,1312.0154,3,1,0,18.422068,1,66.63194,2022,1,18,9,0,3,0,0,0,0,0,1,0,0,1,0,0
22.810125,34.475903,1833.3683,4,0,0,0.20129286,1,78.85915,2022,1,18,10,0,3,0,0,0,0,0,1,0,0,1,0,0
28.080265,48.266956,1394.5968,5,1,0,5.182709,1,82.06411,2022,1,18,11,0,3,0,0,0,0,0,1,0,0,1,0,0
28.153784,47.012486,1938.018,8,0,1,1.4700311,0,73.075134,2022,1,18,12,0,3,0,0,0,0,0,1,0,0,0,0,1
20.095545,52.06207,1659.9062,9,0,0,29.044392,1,79.1662,2022,1,18,13,0,3,0,0,0,0,0,1,0,0,0,0,1
23.891457,40.835167,1446.904,7,1,1,5.8270307,0,72.797516,2022,1,18,14,0,3,0,0,0,0,0,1,0,0,0,0,1
20.13853,39.655525,1838.9723,4,1,0,14.259083,0,66.47764,2022,1,18,15,0,3,0,0,0,0,0,1,0,0,0,0,1
20.179111,55.528427,1859.3921,9,1,0,26.383463,0,72.80385,2022,1,18,16,0,3,0,0,0,0,0,1,0,0,0,0,1
28.07738,59.937572,1462.9857,8,1,1,17.560564,0,76.06738,2022,1,18,17,0,3,0,0,0,0,0,1,0,0,0,0,1
22.750874,50.507008,1698.6344,1,1,0,19.710777,0,67.98375,2022,1,18,18,0,3,0,0,0,0,0,1,0,0,0,1,0
27.12379,57.1901,1992.6198,0,0,0,8.454139,0,81.38657,2022,1,18,19,0,3,0,0,0,0,0,1,0,0,0,1,0
27.283329,33.86674,1221.227,3,1,0,0.6496503,0,83.250946,2022,1,18,20,0,3,0,0,0,0,0,1,0,0,0,1,0
25.014994,57.381203,1427.6625,0,0,0,9.425549,0,67.174576,2022,1,18,21,0,3,0,0,0,0,0,1,0,0,0,1,0
21.466145,43.337017,1629.287,6,0,1,3.405497,0,67.26121,2022,1,18,22,0,3,0,0,0,0,0,1,0,0,0,1,0
24.41326,51.696068,1781.9841,7,1,0,10.424258,1,80.345604,2022,1,18,23,0,3,0,0,0,0,0,1,0,1,0,0,0
26.634832,59.356823,1254.5532,1,0,0,9.951708,0,77.040565,2022,1,19,0,0,3,0,0,0,0,0,0,1,1,0,0,0
27.529606,59.796257,1624.0143,7,0,1,27.23631,1,95.40296,2022,1,19,1,0,3,0,0,0,0,0,0,1,1,0,0,0
20.423624,46.83909,1696.3951,1,1,0,28.96251,0,67.2906,2022,1,19,2,0,3,0,0,0,0,0,0,1,1,0,0,0
29.19613,41.38776,1010.2717,6,1,1,11.899717,1,86.0754,2022,1,19,3,0,3,0,0,0,0,0,0,1,1,0,0,0
29.132278,50.81024,1693.7589,9,1,0,11.834462,1,91.007126,2022,1,19,4,0,3,0,0,0,0,0,0,1,1,0,0,0
21.113108,58.70467,1226.6708,2,0,1,8.58443,1,66.918015,2022,1,19,5,0,3,0,0,0,0,0,0,1,0,1,0,0
24.96638,53.289074,1007.7091,6,1,0,9.343776,1,67.801926,2022,1,19,6,0,3,0,0,0,0,0,0,1,0,1,0,0
22.76358,57.97722,1185.3909,9,0,1,7.4326854,1,72.79116,2022,1,19,7,0,3,0,0,0,0,0,0,1,0,1,0,0
24.650593,54.458855,1703.8444,7,1,0,15.966678,1,73.718925,2022,1,19,8,0,3,0,0,0,0,0,0,1,0,1,0,0
22.409575,38.405464,1474.6459,3,1,1,18.311247,0,73.95422,2022,1,19,9,0,3,0,0,0,0,0,0,1,0,1,0,0
27.412537,44.609207,1490.1453,1,0,1,5.442468,0,79.62397,2022,1,19,10,0,3,0,0,0,0,0,0,1,0,1,0,0
28.033312,39.36721,1594.4235,5,0,1,29.800951,0,88.684364,2022,1,19,11,0,3,0,0,0,0,0,0,1,0,1,0,0
23.508825,33.047466,1886.0887,8,0,1,14.299374,1,81.29991,2022,1,19,12,0,3,0,0,0,0,0,0,1,0,0,0,1
23.145296,47.35694,1452.7264,7,0,1,29.381937,1,70.67917,2022,1,19,13,0,3,0,0,0,0,0,0,1,0,0,0,1
22.430862,54.413486,1504.0299,5,0,1,24.674782,0,65.17125,2022,1,19,14,0,3,0,0,0,0,0,0,1,0,0,0,1
20.583776,51.74603,1297.6387,3,1,0,0.05983742,0,63.86954,2022,1,19,15,0,3,0,0,0,0,0,0,1,0,0,0,1
25.671658,59.969086,1898.1755,6,0,0,27.635777,1,76.937004,2022,1,19,16,0,3,0,0,0,0,0,0,1,0,0,0,1
27.887455,38.85588,1881.7402,0,0,1,13.751586,0,77.43531,2022,1,19,17,0,3,0,0,0,0,0,0,1,0,0,0,1
22.612633,50.44744,1366.2069,9,1,0,19.589102,1,77.03777,2022,1,19,18,0,3,0,0,0,0,0,0,1,0,0,1,0
20.128738,57.84405,1318.1844,2,1,0,11.976477,0,61.498863,2022,1,19,19,0,3,0,0,0,0,0,0,1,0,0,1,0
25.480452,58.394516,1098.4957,9,1,0,23.087515,0,87.88863,2022,1,19,20,0,3,0,0,0,0,0,0,1,0,0,1,0
20.220087,44.55551,1586.2845,2,0,0,8.202103,0,61.896416,2022,1,19,21,0,3,0,0,0,0,0,0,1,0,0,1,0
23.796759,31.885489,1751.0717,7,1,1,28.313385,0,94.627846,2022,1,19,22,0,3,0,0,0,0,0,0,1,0,0,1,0
24.25022,53.40319,1221.6187,1,1,1,3.6489775,1,77.22028,2022,1,19,23,0,3,0,0,0,0,0,0,1,1,0,0,0
25.383316,54.197723,1994.8533,1,0,1,17.175718,0,68.56086,2022,1,20,0,0,3,0,0,0,0,1,0,0,1,0,0,0
22.514235,50.695972,1916.2943,9,1,0,13.500534,0,73.59699,2022,1,20,1,0,3,0,0,0,0,1,0,0,1,0,0,0
26.535223,55.303837,1648.5009,5,0,1,11.166354,0,77.94475,2022,1,20,2,0,3,0,0,0,0,1,0,0,1,0,0,0
21.84477,41.69973,1485.2104,7,1,0,6.622048,0,69.71609,2022,1,20,3,0,3,0,0,0,0,1,0,0,1,0,0,0
25.815971,30.34083,1040.0281,9,1,1,28.989124,1,92.01259,2022,1,20,4,0,3,0,0,0,0,1,0,0,1,0,0,0
29.19126,55.32729,1398.6957,3,0,1,26.77567,0,83.41231,2022,1,20,5,0,3,0,0,0,0,1,0,0,0,1,0,0
22.862278,55.558037,1907.7603,7,1,1,8.730164,1,82.215645,2022,1,20,6,0,3,0,0,0,0,1,0,0,0,1,0,0
22.091469,38.182167,1995.0221,9,0,1,25.721186,0,78.211174,2022,1,20,7,0,3,0,0,0,0,1,0,0,0,1,0,0
25.20487,49.45995,1241.4137,1,0,1,15.978055,0,78.136,2022,1,20,8,0,3,0,0,0,0,1,0,0,0,1,0,0
20.888863,59.099747,1507.617,6,0,1,19.260643,0,70.7578,2022,1,20,9,0,3,0,0,0,0,1,0,0,0,1,0,0
25.504272,35.88392,1124.709,9,1,0,1.9744908,1,84.90688,2022,1,20,10,0,3,0,0,0,0,1,0,0,0,1,0,0
28.580807,33.993813,1000.51263,7,1,0,8.950459,0,83.57237,2022,1,20,11,0,3,0,0,0,0,1,0,0,0,1,0,0
25.35449,32.510254,1675.2911,9,0,0,22.534033,0,70.11779,2022,1,20,12,0,3,0,0,0,0,1,0,0,0,0,0,1
26.91662,58.224926,1710.7151,5,1,0,3.7024684,1,81.28468,2022,1,20,13,0,3,0,0,0,0,1,0,0,0,0,0,1
22.631193,42.59498,1360.0199,7,0,1,29.39343,1,71.89786,2022,1,20,14,0,3,0,0,0,0,1,0,0,0,0,0,1
24.077229,41.70972,1014.00653,5,1,0,23.12485,0,78.212715,2022,1,20,15,0,3,0,0,0,0,1,0,0,0,0,0,1
23.066246,47.454388,1103.7506,7,0,0,14.902751,0,67.071144,2022,1,20,16,0,3,0,0,0,0,1,0,0,0,0,0,1
23.773582,32.349483,1628.9235,7,1,1,8.094988,1,79.528564,2022,1,20,17,0,3,0,0,0,0,1,0,0,0,0,0,1
29.165312,43.192463,1862.3431,7,0,0,11.495838,1,83.784134,2022,1,20,18,0,3,0,0,0,0,1,0,0,0,0,1,0
28.85698,43.217113,1270.2058,0,0,0,22.098536,0,81.5232,2022,1,20,19,0,3,0,0,0,0,1,0,0,0,0,1,0
23.355251,34.5942,1693.3374,1,0,0,25.0875,0,66.463165,2022,1,20,20,0,3,0,0,0,0,1,0,0,0,0,1,0
29.47651,59.13669,1347.9548,3,0,1,10.709558,1,81.99563,2022,1,20,21,0,3,0,0,0,0,1,0,0,0,0,1,0
25.646704,46.76063,1462.7078,6,0,0,10.581505,0,70.23881,2022,1,20,22,0,3,0,0,0,0,1,0,0,0,0,1,0
26.785854,43.35657,1342.9586,4,1,0,19.332825,1,77.77802,2022,1,20,23,0,3,0,0,0,0,1,0,0,1,0,0,0
22.24105,46.78362,1554.4354,0,1,0,25.892664,0,77.80851,2022,1,21,0,0,4,1,0,0,0,0,0,0,1,0,0,0
27.258291,31.27459,1396.9485,7,1,1,23.386358,1,85.28188,2022,1,21,1,0,4,1,0,0,0,0,0,0,1,0,0,0
27.573101,53.889595,1113.7948,2,0,1,9.601569,0,81.99774,2022,1,21,2,0,4,1,0,0,0,0,0,0,1,0,0,0
21.70943,50.935993,1606.2067,1,0,1,25.26085,1,69.42614,2022,1,21,3,0,4,1,0,0,0,0,0,0,1,0,0,0
20.819595,34.90824,1717.0325,4,0,1,1.4267161,0,57.968914,2022,1,21,4,0,4,1,0,0,0,0,0,0,1,0,0,0
25.648771,32.88702,1399.4594,1,0,1,12.254877,0,70.76655,2022,1,21,5,0,4,1,0,0,0,0,0,0,0,1,0,0
26.76074,56.627907,1934.2051,4,1,1,17.907658,1,84.21998,2022,1,21,6,0,4,1,0,0,0,0,0,0,0,1,0,0
20.714708,43.196198,1952.4543,0,1,1,10.22523,1,74.605385,2022,1,21,7,0,4,1,0,0,0,0,0,0,0,1,0,0
29.828852,30.69158,1882.7573,3,1,0,19.209438,1,91.11998,2022,1,21,8,0,4,1,0,0,0,0,0,0,0,1,0,0
20.354013,41.204468,1964.8815,5,1,1,10.805103,0,69.311,2022,1,21,9,0,4,1,0,0,0,0,0,0,0,1,0,0
29.254833,41.23645,1603.6133,7,0,1,3.42699,1,88.32121,2022,1,21,10,0,4,1,0,0,0,0,0,0,0,1,0,0
20.504496,31.597443,1066.9213,6,1,1,23.430143,0,70.721,2022,1,21,11,0,4,1,0,0,0,0,0,0,0,1,0,0
27.065958,35.085133,1855.5568,5,0,0,13.097064,0,75.04312,2022,1,21,12,0,4,1,0,0,0,0,0,0,0,0,0,1
28.706146,59.502922,1491.6401,0,0,1,25.083597,0,85.45715,2022,1,21,13,0,4,1,0,0,0,0,0,0,0,0,0,1
21.932234,32.233208,1680.8204,4,0,0,10.380601,1,69.00908,2022,1,21,14,0,4,1,0,0,0,0,0,0,0,0,0,1
21.301695,45.61615,1290.287,7,0,0,4.4198666,1,63.582138,2022,1,21,15,0,4,1,0,0,0,0,0,0,0,0,0,1
25.657291,32.02458,1102.3453,8,1,1,4.8075733,0,78.28347,2022,1,21,16,0,4,1,0,0,0,0,0,0,0,0,0,1
29.426907,34.293823,1848.4965,2,0,1,11.442381,0,93.95895,2022,1,21,17,0,4,1,0,0,0,0,0,0,0,0,0,1
21.208197,35.821438,1524.5442,7,1,0,16.38253,0,74.99538,2022,1,21,18,0,4,1,0,0,0,0,0,0,0,0,1,0
28.986916,56.141872,1929.1575,8,1,0,24.961586,0,87.42147,2022,1,21,19,0,4,1,0,0,0,0,0,0,0,0,1,0
23.708672,46.335392,1861.6063,1,0,1,26.652575,0,75.571526,2022,1,21,20,0,4,1,0,0,0,0,0,0,0,0,1,0
22.772453,56.616737,1465.6282,7,1,0,22.599545,1,70.46552,2022,1,21,21,0,4,1,0,0,0,0,0,0,0,0,1,0
27.319954,48.88796,1709.052,8,0,0,11.603709,0,75.27845,2022,1,21,22,0,4,1,0,0,0,0,0,0,0,0,1,0
25.897736,36.01358,1122.6396,7,1,1,29.607824,0,80.169044,2022,1,21,23,0,4,1,0,0,0,0,0,0,1,0,0,0
22.852928,55.47826,1709.6521,6,1,0,6.316338,0,78.6204,2022,1,22,0,1,4,0,0,1,0,0,0,0,1,0,0,0
27.909832,36.87132,1263.0446,7,0,0,23.410276,0,97.77349,2022,1,22,1,1,4,0,0,1,0,0,0,0,1,0,0,0
25.989016,33.472908,1303.0095,7,1,0,12.920971,0,79.54993,2022,1,22,2,1,4,0,0,1,0,0,0,0,1,0,0,0
24.53216,50.026253,1913.0648,3,1,0,14.108624,0,82.558205,2022,1,22,3,1,4,0,0,1,0,0,0,0,1,0,0,0
21.738926,50.94223,1546.3107,1,1,0,27.597734,1,69.586205,2022,1,22,4,1,4,0,0,1,0,0,0,0,1,0,0,0
28.367308,34.45275,1003.9415,3,0,0,26.560087,0,82.95556,2022,1,22,5,1,4,0,0,1,0,0,0,0,0,1,0,0
29.374035,41.539185,1931.6599,2,1,0,10.505579,0,83.341774,2022,1,22,6,1,4,0,0,1,0,0,0,0,0,1,0,0
26.394123,46.33224,1551.5907,0,0,0,6.6224217,1,77.1242,2022,1,22,7,1,4,0,0,1,0,0,0,0,0,1,0,0
29.45924,48.611664,1584.0089,8,1,1,15.492758,0,81.3908,2022,1,22,8,1,4,0,0,1,0,0,0,0,0,1,0,0
22.778976,58.869495,1639.4894,8,0,1,24.872288,0,80.914055,2022,1,22,9,1,4,0,0,1,0,0,0,0,0,1,0,0
24.165455,42.69914,1256.6912,9,0,1,7.0880127,0,81.62876,2022,1,22,10,1,4,0,0,1,0,0,0,0,0,1,0,0
27.456366,35.45969,1085.0217,4,1,0,22.102974,0,84.063156,2022,1,22,11,1,4,0,0,1,0,0,0,0,0,1,0,0
28.226551,55.03165,1186.6959,6,0,1,20.927286,1,77.26334,2022,1,22,12,1,4,0,0,1,0,0,0,0,0,0,0,1
21.691465,31.970198,1616.6196,8,0,0,11.19872,0,65.41066,2022,1,22,13,1,4,0,0,1,0,0,0,0,0,0,0,1
20.61167,47.64145,1949.2921,8,0,0,4.928457,0,67.22824,2022,1,22,14,1,4,0,0,1,0,0,0,0,0,0,0,1
27.323586,53.027874,1036.3701,9,1,1,2.0293803,1,85.582825,2022,1,22,15,1,4,0,0,1,0,0,0,0,0,0,0,1
21.008114,50.350506,1362.583,8,1,0,4.1409426,0,67.84233,2022,1,22,16,1,4,0,0,1,0,0,0,0,0,0,0,1
26.13529,48.49873,1303.716,8,1,1,5.6676564,1,86.92061,2022,1,22,17,1,4,0,0,1,0,0,0,0,0,0,0,1
20.417627,48.923763,1066.2764,9,1,0,17.361637,0,63.97862,2022,1,22,18,1,4,0,0,1,0,0,0,0,0,0,1,0
25.555883,30.91822,1624.0872,6,1,0,2.8983552,1,69.7039,2022,1,22,19,1,4,0,0,1,0,0,0,0,0,0,1,0
23.900948,56.63156,1105.1101,9,0,0,13.607249,0,77.9319,2022,1,22,20,1,4,0,0,1,0,0,0,0,0,0,1,0
27.457018,54.87053,1739.7819,2,0,1,24.884317,0,79.51142,2022,1,22,21,1,4,0,0,1,0,0,0,0,0,0,1,0
28.985186,35.109253,1706.9192,9,1,0,7.4838834,1,83.98375,2022,1,22,22,1,4,0,0,1,0,0,0,0,0,0,1,0
24.978119,44.413692,1149.4989,0,1,1,19.695179,0,76.87445,2022,1,22,23,1,4,0,0,1,0,0,0,0,1,0,0,0
26.82516,42.24192,1882.6871,6,1,0,22.32286,0,84.75911,2022,1,23,0,1,4,0,0,0,1,0,0,0,1,0,0,0
20.83867,49.06206,1573.0941,0,0,1,4.227642,1,64.29007,2022,1,23,1,1,4,0,0,0,1,0,0,0,1,0,0,0
22.67116,56.812874,1710.2788,3,0,0,13.997236,1,70.31639,2022,1,23,2,1,4,0,0,0,1,0,0,0,1,0,0,0
22.231707,37.794846,1981.68,4,1,0,25.485874,1,77.432434,2022,1,23,3,1,4,0,0,0,1,0,0,0,1,0,0,0
29.0079,48.098877,1702.6895,4,0,0,20.52733,1,70.547264,2022,1,23,4,1,4,0,0,0,1,0,0,0,1,0,0,0
20.249289,45.18328,1711.5724,8,0,0,27.240707,1,62.902565,2022,1,23,5,1,4,0,0,0,1,0,0,0,0,1,0,0
22.345512,40.658035,1169.2609,4,0,1,5.558667,1,70.17027,2022,1,23,6,1,4,0,0,0,1,0,0,0,0,1,0,0
22.039778,33.460865,1991.1317,7,0,0,4.57097,1,64.792175,2022,1,23,7,1,4,0,0,0,1,0,0,0,0,1,0,0
29.62762,36.325256,1690.391,0,1,0,12.445111,0,75.9114,2022,1,23,8,1,4,0,0,0,1,0,0,0,0,1,0,0
27.77171,46.425827,1110.9481,2,0,1,10.265728,1,82.733574,2022,1,23,9,1,4,0,0,0,1,0,0,0,0,1,0,0
23.993172,43.656643,1330.6715,0,0,1,27.65707,0,77.76877,2022,1,23,10,1,4,0,0,0,1,0,0,0,0,1,0,0
24.916752,57.309406,1827.1703,8,0,0,11.403863,1,82.76628,2022,1,23,11,1,4,0,0,0,1,0,0,0,0,1,0,0
20.076317,32.70604,1173.855,2,0,0,26.468857,1,62.81838,2022,1,23,12,1,4,0,0,0,1,0,0,0,0,0,0,1
25.735554,40.630802,1022.71844,6,0,1,1.9052541,0,75.72856,2022,1,23,13,1,4,0,0,0,1,0,0,0,0,0,0,1
22.555876,57.617496,1199.4357,1,0,1,26.314354,1,67.26287,2022,1,23,14,1,4,0,0,0,1,0,0,0,0,0,0,1
23.19064,59.021793,1868.2213,3,1,1,8.784361,0,76.19931,2022,1,23,15,1,4,0,0,0,1,0,0,0,0,0,0,1
20.562096,52.34813,1982.0002,6,0,1,29.457067,1,68.33142,2022,1,23,16,1,4,0,0,0,1,0,0,0,0,0,0,1
23.333557,49.390297,1490.2744,7,1,0,23.607262,0,78.51244,2022,1,23,17,1,4,0,0,0,1,0,0,0,0,0,0,1
25.524973,37.248768,1087.804,5,0,0,8.686977,1,79.21063,2022,1,23,18,1,4,0,0,0,1,0,0,0,0,0,1,0
26.060152,40.423233,1318.3888,7,0,0,27.502861,1,83.16661,2022,1,23,19,1,4,0,0,0,1,0,0,0,0,0,1,0
20.4782,45.56657,1545.8407,8,0,1,11.024055,0,68.447655,2022,1,23,20,1,4,0,0,0,1,0,0,0,0,0,1,0
24.419249,33.13298,1324.0818,5,0,1,11.945495,1,76.374344,2022,1,23,21,1,4,0,0,0,1,0,0,0,0,0,1,0
22.34677,43.938004,1950.8817,8,0,1,14.728615,1,74.83287,2022,1,23,22,1,4,0,0,0,1,0,0,0,0,0,1,0
25.32516,44.76713,1083.1066,3,1,1,6.777271,1,85.39366,2022,1,23,23,1,4,0,0,0,1,0,0,0,1,0,0,0
29.618748,43.255524,1236.9237,2,0,1,6.4785366,0,79.28492,2022,1,24,0,0,4,0,1,0,0,0,0,0,1,0,0,0
22.99213,44.17085,1726.3511,2,0,1,29.680456,1,71.94352,2022,1,24,1,0,4,0,1,0,0,0,0,0,1,0,0,0
25.912647,57.480343,1004.4547,3,0,0,18.328018,1,66.26581,2022,1,24,2,0,4,0,1,0,0,0,0,0,1,0,0,0
22.145748,52.819027,1832.6761,9,0,1,4.259275,0,74.84385,2022,1,24,3,0,4,0,1,0,0,0,0,0,1,0,0,0
24.618448,42.827545,1074.6504,8,0,0,12.744461,0,82.97112,2022,1,24,4,0,4,0,1,0,0,0,0,0,1,0,0,0
23.526241,44.682243,1139.8048,6,1,1,7.6391754,0,77.94264,2022,1,24,5,0,4,0,1,0,0,0,0,0,0,1,0,0
24.316137,47.10087,1895.4102,6,0,0,15.265638,0,71.99855,2022,1,24,6,0,4,0,1,0,0,0,0,0,0,1,0,0
21.322771,42.49845,1901.6294,6,0,0,0.11406714,0,58.09701,2022,1,24,7,0,4,0,1,0,0,0,0,0,0,1,0,0
20.63741,31.229422,1013.74854,2,0,0,12.88186,1,57.28564,2022,1,24,8,0,4,0,1,0,0,0,0,0,0,1,0,0
26.603752,33.578938,1868.4034,3,1,1,0.39168277,1,88.21239,2022,1,24,9,0,4,0,1,0,0,0,0,0,0,1,0,0
24.082312,45.69836,1122.1853,3,0,0,24.08391,1,69.106186,2022,1,24,10,0,4,0,1,0,0,0,0,0,0,1,0,0
29.17552,47.299866,1861.231,2,0,0,16.563929,1,80.22231,2022,1,24,11,0,4,0,1,0,0,0,0,0,0,1,0,0
25.411293,37.160717,1888.5055,9,1,1,19.275053,1,77.91203,2022,1,24,12,0,4,0,1,0,0,0,0,0,0,0,0,1
28.78847,54.580532,1838.1501,3,1,1,18.996151,1,83.02435,2022,1,24,13,0,4,0,1,0,0,0,0,0,0,0,0,1
29.986664,56.732426,1868.6315,1,0,1,13.205018,1,89.10914,2022,1,24,14,0,4,0,1,0,0,0,0,0,0,0,0,1
22.99469,41.89127,1767.1412,7,0,1,16.616608,0,72.979,2022,1,24,15,0,4,0,1,0,0,0,0,0,0,0,0,1
25.874134,57.997375,1463.6691,7,0,1,16.323977,0,74.44559,2022,1,24,16,0,4,0,1,0,0,0,0,0,0,0,0,1
25.823889,39.306797,1672.2585,9,0,1,26.718655,1,75.46515,2022,1,24,17,0,4,0,1,0,0,0,0,0,0,0,0,1
24.11929,48.552223,1666.8777,4,1,1,11.136795,1,82.22346,2022,1,24,18,0,4,0,1,0,0,0,0,0,0,0,1,0
25.026545,34.217804,1421.9714,6,0,1,5.159658,0,77.53641,2022,1,24,19,0,4,0,1,0,0,0,0,0,0,0,1,0
23.722754,49.1061,1785.8436,2,1,0,19.42621,1,76.666824,2022,1,24,20,0,4,0,1,0,0,0,0,0,0,0,1,0
21.105906,42.676834,1657.0049,6,0,0,13.158711,1,63.290287,2022,1,24,21,0,4,0,1,0,0,0,0,0,0,0,1,0
29.895994,39.33699,1708.9569,5,0,1,29.965328,0,76.080345,2022,1,24,22,0,4,0,1,0,0,0,0,0,0,0,1,0
26.143976,30.223143,1099.8613,8,0,0,9.787738,0,83.5011,2022,1,24,23,0,4,0,1,0,0,0,0,0,1,0,0,0
23.918156,36.105328,1724.9075,4,1,0,23.249552,1,79.405975,2022,1,25,0,0,4,0,0,0,0,0,1,0,1,0,0,0
23.038633,34.697647,1305.2667,2,1,0,17.364193,0,71.40115,2022,1,25,1,0,4,0,0,0,0,0,1,0,1,0,0,0
22.940666,49.68406,1444.8862,8,0,0,5.9558105,1,67.62811,2022,1,25,2,0,4,0,0,0,0,0,1,0,1,0,0,0
27.519676,59.033722,1458.9247,3,1,0,25.258087,0,81.04818,2022,1,25,3,0,4,0,0,0,0,0,1,0,1,0,0,0
20.26764,58.92164,1086.8616,5,1,1,17.838245,0,71.22118,2022,1,25,4,0,4,0,0,0,0,0,1,0,1,0,0,0
20.083668,50.79167,1903.8535,6,1,0,4.5519156,0,61.69542,2022,1,25,5,0,4,0,0,0,0,0,1,0,0,1,0,0
28.320133,39.4505,1453.3475,1,1,0,1.4788442,1,75.26679,2022,1,25,6,0,4,0,0,0,0,0,1,0,0,1,0,0
24.221436,50.194817,1028.0118,4,1,0,29.09629,0,83.44636,2022,1,25,7,0,4,0,0,0,0,0,1,0,0,1,0,0
23.551193,46.797775,1730.093,8,1,1,4.7207394,0,73.70148,2022,1,25,8,0,4,0,0,0,0,0,1,0,0,1,0,0
23.377386,50.07109,1295.651,8,1,0,21.963152,1,77.627144,2022,1,25,9,0,4,0,0,0,0,0,1,0,0,1,0,0
21.853117,49.34475,1263.8928,9,0,1,26.808949,0,77.452965,2022,1,25,10,0,4,0,0,0,0,0,1,0,0,1,0,0
25.04804,59.044094,1095.5688,4,0,0,26.005238,1,80.989,2022,1,25,11,0,4,0,0,0,0,0,1,0,0,1,0,0
29.456558,38.951805,1145.1482,8,0,0,14.521079,0,87.70923,2022,1,25,12,0,4,0,0,0,0,0,1,0,0,0,0,1
25.295158,44.99332,1733.4801,9,1,1,13.809476,1,83.50179,2022,1,25,13,0,4,0,0,0,0,0,1,0,0,0,0,1
22.025444,51.376667,1240.7476,6,0,0,11.254122,0,60.397,2022,1,25,14,0,4,0,0,0,0,0,1,0,0,0,0,1
28.362274,42.927402,1504.0624,3,1,1,8.580511,0,89.06661,2022,1,25,15,0,4,0,0,0,0,0,1,0,0,0,0,1
26.24172,52.45723,1194.2776,5,0,1,15.498835,1,84.9943,2022,1,25,16,0,4,0,0,0,0,0,1,0,0,0,0,1
20.824745,49.276768,1623.9874,4,1,1,16.463346,0,79.550224,2022,1,25,17,0,4,0,0,0,0,0,1,0,0,0,0,1
27.221157,47.938217,1056.6581,1,1,1,24.151976,1,76.855,2022,1,25,18,0,4,0,0,0,0,0,1,0,0,0,1,0
20.58737,31.690187,1537.5547,2,0,1,23.306868,1,72.36662,2022,1,25,19,0,4,0,0,0,0,0,1,0,0,0,1,0
24.028717,47.824074,1300.184,8,1,1,6.6728945,0,79.4303,2022,1,25,20,0,4,0,0,0,0,0,1,0,0,0,1,0
25.812904,30.032665,1835.3481,4,1,0,0.92951053,0,85.12667,2022,1,25,21,0,4,0,0,0,0,0,1,0,0,0,1,0
22.941532,30.135706,1677.161,6,0,0,13.01873,0,72.598656,2022,1,25,22,0,4,0,0,0,0,0,1,0,0,0,1,0
27.7651,45.79718,1615.6359,5,0,1,9.928099,0,77.66774,2022,1,25,23,0,4,0,0,0,0,0,1,0,1,0,0,0
20.265192,56.56906,1889.1151,0,0,0,15.641383,0,56.038162,2022,1,26,0,0,4,0,0,0,0,0,0,1,1,0,0,0
21.435133,41.04733,1545.9103,0,1,1,13.256345,0,73.15361,2022,1,26,1,0,4,0,0,0,0,0,0,1,1,0,0,0
24.101969,48.453312,1968.0387,4,1,1,8.520216,0,75.696396,2022,1,26,2,0,4,0,0,0,0,0,0,1,1,0,0,0
29.229527,41.0861,1025.7706,7,1,1,15.858287,0,90.381645,2022,1,26,3,0,4,0,0,0,0,0,0,1,1,0,0,0
21.777336,54.102776,1022.2811,7,0,0,7.6903596,1,64.05449,2022,1,26,4,0,4,0,0,0,0,0,0,1,1,0,0,0
21.422945,36.690594,1525.6152,6,0,1,12.2665205,0,62.86346,2022,1,26,5,0,4,0,0,0,0,0,0,1,0,1,0,0
21.77191,47.21918,1176.2102,3,1,1,7.6013193,1,69.789024,2022,1,26,6,0,4,0,0,0,0,0,0,1,0,1,0,0
29.31309,38.91701,1899.8081,8,0,1,16.30744,0,85.057304,2022,1,26,7,0,4,0,0,0,0,0,0,1,0,1,0,0
26.312115,51.40871,1220.5471,8,1,0,5.986875,0,83.889175,2022,1,26,8,0,4,0,0,0,0,0,0,1,0,1,0,0
28.056808,52.253624,1460.1808,6,1,0,15.015815,0,79.80725,2022,1,26,9,0,4,0,0,0,0,0,0,1,0,1,0,0
23.287663,47.402065,1586.3739,4,0,0,0.48153344,0,62.742157,2022,1,26,10,0,4,0,0,0,0,0,0,1,0,1,0,0
26.5162,45.791718,1551.5956,1,0,1,26.887024,0,81.944786,2022,1,26,11,0,4,0,0,0,0,0,0,1,0,1,0,0
29.531305,35.772938,1779.4686,6,0,1,21.404604,0,86.11227,2022,1,26,12,0,4,0,0,0,0,0,0,1,0,0,0,1
28.076279,45.808426,1378.704,5,1,1,19.710749,1,76.39956,2022,1,26,13,0,4,0,0,0,0,0,0,1,0,0,0,1
22.072063,34.716297,1421.5077,5,0,1,21.236189,1,74.36227,2022,1,26,14,0,4,0,0,0,0,0,0,1,0,0,0,1
22.701002,52.321476,1816.3236,6,0,1,27.302574,0,74.81633,2022,1,26,15,0,4,0,0,0,0,0,0,1,0,0,0,1
28.49553,48.86649,1065.8884,2,1,1,0.2908508,0,75.96073,2022,1,26,16,0,4,0,0,0,0,0,0,1,0,0,0,1
23.224516,52.988285,1370.4492,9,1,0,3.3908772,1,74.4414,2022,1,26,17,0,4,0,0,0,0,0,0,1,0,0,0,1
23.10187,34.100685,1769.0892,6,0,0,24.724335,0,62.112137,2022,1,26,18,0,4,0,0,0,0,0,0,1,0,0,1,0
28.211899,50.84425,1359.1805,6,1,1,1.3819426,0,92.77188,2022,1,26,19,0,4,0,0,0,0,0,0,1,0,0,1,0
24.607834,32.123627,1935.5939,8,1,0,26.161345,1,80.91362,2022,1,26,20,0,4,0,0,0,0,0,0,1,0,0,1,0
23.37363,53.558273,1685.6,1,1,0,15.337122,1,67.39139,2022,1,26,21,0,4,0,0,0,0,0,0,1,0,0,1,0
23.669615,56.52905,1818.6935,2,1,0,23.674976,0,75.60213,2022,1,26,22,0,4,0,0,0,0,0,0,1,0,0,1,0
22.828182,47.907856,1665.0852,2,1,1,29.099882,0,76.457184,2022,1,26,23,0,4,0,0,0,0,0,0,1,1,0,0,0
28.596087,47.405827,1948.4321,9,0,1,4.804036,0,81.26778,2022,1,27,0,0,4,0,0,0,0,1,0,0,1,0,0,0
27.929216,36.93754,1372.9346,8,0,1,25.005335,1,91.14991,2022,1,27,1,0,4,0,0,0,0,1,0,0,1,0,0,0
24.271896,35.322205,1006.22766,8,1,0,8.742296,0,79.697235,2022,1,27,2,0,4,0,0,0,0,1,0,0,1,0,0,0
26.275698,30.535389,1152.175,5,0,0,12.98449,0,73.88837,2022,1,27,3,0,4,0,0,0,0,1,0,0,1,0,0,0
24.336224,41.24732,1826.2687,7,0,0,0.217783,1,74.97645,2022,1,27,4,0,4,0,0,0,0,1,0,0,1,0,0,0
24.469723,49.289246,1956.4535,6,1,1,18.281553,0,80.94999,2022,1,27,5,0,4,0,0,0,0,1,0,0,0,1,0,0
23.707598,30.015974,1569.6342,3,0,0,23.116764,0,63.92394,2022,1,27,6,0,4,0,0,0,0,1,0,0,0,1,0,0
26.208168,38.810028,1717.3928,5,1,1,3.3144786,0,80.79109,2022,1,27,7,0,4,0,0,0,0,1,0,0,0,1,0,0
23.306614,56.646893,1521.8221,2,0,0,17.138832,0,79.07794,2022,1,27,8,0,4,0,0,0,0,1,0,0,0,1,0,0
20.250696,43.916252,1510.4642,8,1,0,14.238071,0,74.1181,2022,1,27,9,0,4,0,0,0,0,1,0,0,0,1,0,0
28.34864,35.048836,1597.0846,4,0,0,3.1377072,1,78.75149,2022,1,27,10,0,4,0,0,0,0,1,0,0,0,1,0,0
24.92825,31.617758,1203.259,0,0,0,9.400506,1,78.675,2022,1,27,11,0,4,0,0,0,0,1,0,0,0,1,0,0
25.976357,52.773956,1664.6678,8,0,1,6.9334197,1,80.821655,2022,1,27,12,0,4,0,0,0,0,1,0,0,0,0,0,1
21.782148,58.58237,1815.3309,8,1,1,3.5228078,1,67.27265,2022,1,27,13,0,4,0,0,0,0,1,0,0,0,0,0,1
26.422161,36.69539,1940.0114,1,0,1,19.451103,0,66.87387,2022,1,27,14,0,4,0,0,0,0,1,0,0,0,0,0,1
22.590738,54.80495,1368.3135,2,1,0,19.70982,0,75.026855,2022,1,27,15,0,4,0,0,0,0,1,0,0,0,0,0,1
20.398159,30.15323,1388.2914,3,1,1,12.127172,1,76.22826,2022,1,27,16,0,4,0,0,0,0,1,0,0,0,0,0,1
20.0675,30.351828,1298.0479,0,1,0,0.0694797,0,68.44825,2022,1,27,17,0,4,0,0,0,0,1,0,0,0,0,0,1
24.139397,57.571552,1386.3766,4,0,1,6.0164766,1,68.74995,2022,1,27,18,0,4,0,0,0,0,1,0,0,0,0,1,0
23.120543,50.62743,1312.232,9,0,0,16.02971,1,76.43135,2022,1,27,19,0,4,0,0,0,0,1,0,0,0,0,1,0
22.205694,46.233116,1145.1384,6,0,0,3.2006624,1,80.01859,2022,1,27,20,0,4,0,0,0,0,1,0,0,0,0,1,0
29.47707,59.39623,1107.7719,3,0,1,27.546824,0,77.328514,2022,1,27,21,0,4,0,0,0,0,1,0,0,0,0,1,0
22.94028,48.559116,1688.1552,9,0,0,0.4989133,1,73.08128,2022,1,27,22,0,4,0,0,0,0,1,0,0,0,0,1,0
21.416931,31.531221,1303.0123,3,0,1,14.550904,1,76.491066,2022,1,27,23,0,4,0,0,0,0,1,0,0,1,0,0,0
27.497469,31.282818,1147.7975,4,1,0,1.1436816,0,79.28142,2022,1,28,0,0,5,1,0,0,0,0,0,0,1,0,0,0
27.14986,45.033108,1235.9332,0,1,0,24.07391,1,73.47964,2022,1,28,1,0,5,1,0,0,0,0,0,0,1,0,0,0
26.748142,31.900253,1562.8904,2,0,1,11.306451,0,66.33714,2022,1,28,2,0,5,1,0,0,0,0,0,0,1,0,0,0
26.712145,40.08638,1934.2554,4,1,1,14.188077,1,81.85161,2022,1,28,3,0,5,1,0,0,0,0,0,0,1,0,0,0
29.087078,55.72124,1754.8143,6,0,1,27.55819,0,72.80527,2022,1,28,4,0,5,1,0,0,0,0,0,0,1,0,0,0
28.846012,43.599785,1113.0714,4,0,1,3.7985394,1,74.51737,2022,1,28,5,0,5,1,0,0,0,0,0,0,0,1,0,0
24.982578,38.75725,1604.7996,4,1,0,12.101592,0,75.92716,2022,1,28,6,0,5,1,0,0,0,0,0,0,0,1,0,0
22.630291,47.20063,1685.336,2,0,1,7.36021,0,73.024254,2022,1,28,7,0,5,1,0,0,0,0,0,0,0,1,0,0
26.04889,30.252949,1206.2489,0,1,1,15.444621,1,81.38526,2022,1,28,8,0,5,1,0,0,0,0,0,0,0,1,0,0
26.104488,33.847446,1072.958,0,1,0,25.652834,0,77.79518,2022,1,28,9,0,5,1,0,0,0,0,0,0,0,1,0,0
24.150381,45.959293,1860.4508,5,0,0,17.28919,1,64.552185,2022,1,28,10,0,5,1,0,0,0,0,0,0,0,1,0,0
28.620161,40.104237,1824.8896,8,0,1,20.766636,1,81.890114,2022,1,28,11,0,5,1,0,0,0,0,0,0,0,1,0,0
29.938482,57.730877,1596.8228,9,0,1,28.751923,0,90.009186,2022,1,28,12,0,5,1,0,0,0,0,0,0,0,0,0,1
20.134623,35.859123,1417.1804,2,1,0,28.609547,0,68.470085,2022,1,28,13,0,5,1,0,0,0,0,0,0,0,0,0,1
24.211586,37.958595,1792.7198,1,1,0,23.63019,0,79.25732,2022,1,28,14,0,5,1,0,0,0,0,0,0,0,0,0,1
28.905796,52.564163,1533.7253,2,0,0,15.954741,0,76.835396,2022,1,28,15,0,5,1,0,0,0,0,0,0,0,0,0,1
27.486614,37.21532,1260.0616,6,1,1,28.05219,1,88.57728,2022,1,28,16,0,5,1,0,0,0,0,0,0,0,0,0,1
22.732508,38.515305,1759.9674,8,1,0,15.8799715,1,73.283936,2022,1,28,17,0,5,1,0,0,0,0,0,0,0,0,0,1
20.071648,48.811245,1189.142,1,0,0,1.329763,0,68.43521,2022,1,28,18,0,5,1,0,0,0,0,0,0,0,0,1,0
25.826214,35.013927,1770.483,1,0,1,8.815325,0,74.09351,2022,1,28,19,0,5,1,0,0,0,0,0,0,0,0,1,0
28.184622,51.848877,1964.6057,2,0,1,27.964739,0,73.20578,2022,1,28,20,0,5,1,0,0,0,0,0,0,0,0,1,0
27.538303,36.165115,1177.4164,9,1,0,21.029848,1,80.45956,2022,1,28,21,0,5,1,0,0,0,0,0,0,0,0,1,0
28.809744,31.208605,1630.528,6,1,1,19.352491,0,98.76176,2022,1,28,22,0,5,1,0,0,0,0,0,0,0,0,1,0
20.314913,44.104496,1486.5543,4,1,1,16.506874,1,71.87972,2022,1,28,23,0,5,1,0,0,0,0,0,0,1,0,0,0
22.131945,46.87685,1232.643,7,1,0,3.726411,0,77.571594,2022,1,29,0,1,5,0,0,1,0,0,0,0,1,0,0,0
23.886253,57.399426,1745.0027,2,1,0,3.3531609,0,67.96328,2022,1,29,1,1,5,0,0,1,0,0,0,0,1,0,0,0
21.50292,59.79044,1234.0903,0,0,1,10.361609,1,69.33179,2022,1,29,2,1,5,0,0,1,0,0,0,0,1,0,0,0
22.76554,41.416775,1663.8555,0,0,1,1.1181462,0,69.07359,2022,1,29,3,1,5,0,0,1,0,0,0,0,1,0,0,0
29.643732,43.958637,1442.2749,8,0,1,27.178951,0,98.84376,2022,1,29,4,1,5,0,0,1,0,0,0,0,1,0,0,0
27.281588,54.1284,1571.9648,2,0,0,27.940174,1,79.497795,2022,1,29,5,1,5,0,0,1,0,0,0,0,0,1,0,0
29.593945,30.16194,1994.0375,0,0,0,9.764996,1,87.54904,2022,1,29,6,1,5,0,0,1,0,0,0,0,0,1,0,0
24.756779,51.300053,1595.437,4,1,0,25.896788,1,84.95971,2022,1,29,7,1,5,0,0,1,0,0,0,0,0,1,0,0
21.14599,48.967014,1556.1354,7,1,0,26.67152,1,69.6232,2022,1,29,8,1,5,0,0,1,0,0,0,0,0,1,0,0
22.092209,42.40094,1908.3359,7,1,0,16.65401,0,76.42541,2022,1,29,9,1,5,0,0,1,0,0,0,0,0,1,0,0
25.771667,54.763905,1557.7675,8,1,1,27.084017,1,89.205345,2022,1,29,10,1,5,0,0,1,0,0,0,0,0,1,0,0
21.934042,34.368046,1071.2728,7,1,1,21.084156,0,74.9595,2022,1,29,11,1,5,0,0,1,0,0,0,0,0,1,0,0
29.199253,48.585117,1446.9077,9,0,1,21.015299,1,91.703255,2022,1,29,12,1,5,0,0,1,0,0,0,0,0,0,0,1
23.70224,51.280697,1784.5311,9,1,0,18.60104,0,73.091324,2022,1,29,13,1,5,0,0,1,0,0,0,0,0,0,0,1
29.565554,56.324543,1619.4829,3,1,1,16.550264,1,92.8504,2022,1,29,14,1,5,0,0,1,0,0,0,0,0,0,0,1
27.075285,46.22076,1284.9916,7,1,1,16.76029,0,86.26884,2022,1,29,15,1,5,0,0,1,0,0,0,0,0,0,0,1
20.438463,47.202015,1336.628,6,1,1,25.119366,1,77.55395,2022,1,29,16,1,5,0,0,1,0,0,0,0,0,0,0,1
29.038958,48.468708,1860.184,6,0,0,23.785818,0,78.92474,2022,1,29,17,1,5,0,0,1,0,0,0,0,0,0,0,1
26.433289,53.385403,1194.3833,3,1,1,1.7118506,0,74.38817,2022,1,29,18,1,5,0,0,1,0,0,0,0,0,0,1,0
27.992731,32.151558,1247.9385,4,1,0,15.140346,0,89.49272,2022,1,29,19,1,5,0,0,1,0,0,0,0,0,0,1,0
29.070534,41.48872,1944.6763,0,1,1,7.615901,1,79.7863,2022,1,29,20,1,5,0,0,1,0,0,0,0,0,0,1,0
23.579792,30.50284,1680.0422,2,1,1,4.2683754,0,79.602066,2022,1,29,21,1,5,0,0,1,0,0,0,0,0,0,1,0
24.261282,37.77296,1093.7172,8,1,0,25.442223,0,74.924644,2022,1,29,22,1,5,0,0,1,0,0,0,0,0,0,1,0
26.118116,43.02256,1576.9807,2,0,0,5.335458,0,69.365616,2022,1,29,23,1,5,0,0,1,0,0,0,0,1,0,0,0
20.007565,41.519524,1076.4325,0,1,1,22.88154,0,69.7371,2022,1,30,0,1,5,0,0,0,1,0,0,0,1,0,0,0
27.825977,41.212345,1076.432,0,1,1,7.632546,1,83.06355,2022,1,30,1,1,5,0,0,0,1,0,0,0,1,0,0,0
29.42915,34.76475,1199.5802,4,1,0,28.00992,0,78.13586,2022,1,30,2,1,5,0,0,0,1,0,0,0,1,0,0,0
29.99258,48.88722,1626.0004,8,0,0,24.101973,0,85.89516,2022,1,30,3,1,5,0,0,0,1,0,0,0,1,0,0,0
28.051128,51.935604,1769.6019,3,0,0,24.02928,1,75.90957,2022,1,30,4,1,5,0,0,0,1,0,0,0,1,0,0,0
27.980854,59.30435,1891.0488,5,0,0,23.711946,0,76.66894,2022,1,30,5,1,5,0,0,0,1,0,0,0,0,1,0,0
26.308481,44.765156,1431.9496,4,1,0,22.135426,1,82.96534,2022,1,30,6,1,5,0,0,0,1,0,0,0,0,1,0,0
29.545181,47.049595,1214.0646,3,0,1,21.808386,0,83.0162,2022,1,30,7,1,5,0,0,0,1,0,0,0,0,1,0,0
23.157394,47.70455,1812.7958,3,1,0,6.881748,1,79.123726,2022,1,30,8,1,5,0,0,0,1,0,0,0,0,1,0,0
21.63769,56.532158,1235.6123,4,1,1,3.0811245,0,75.312836,2022,1,30,9,1,5,0,0,0,1,0,0,0,0,1,0,0
29.614779,37.123146,1665.7296,1,1,0,3.378207,1,88.20707,2022,1,30,10,1,5,0,0,0,1,0,0,0,0,1,0,0
22.762115,52.292168,1465.7637,1,0,1,24.994936,0,73.55905,2022,1,30,11,1,5,0,0,0,1,0,0,0,0,1,0,0
22.659618,45.551975,1173.1406,6,1,0,10.930542,0,77.847336,2022,1,30,12,1,5,0,0,0,1,0,0,0,0,0,0,1
26.981394,59.456978,1652.1447,0,1,0,7.693715,1,80.05988,2022,1,30,13,1,5,0,0,0,1,0,0,0,0,0,0,1
21.961216,54.989494,1947.4955,1,1,1,5.472511,0,73.86273,2022,1,30,14,1,5,0,0,0,1,0,0,0,0,0,0,1
23.114395,49.68643,1422.1394,3,1,0,14.503905,1,72.58268,2022,1,30,15,1,5,0,0,0,1,0,0,0,0,0,0,1
27.625084,34.419155,1903.1938,6,0,1,21.230064,1,85.14001,2022,1,30,16,1,5,0,0,0,1,0,0,0,0,0,0,1
26.611841,57.42525,1084.4393,5,0,1,9.150786,1,75.805244,2022,1,30,17,1,5,0,0,0,1,0,0,0,0,0,0,1
23.299274,44.409508,1103.2991,4,1,0,14.592638,0,70.559425,2022,1,30,18,1,5,0,0,0,1,0,0,0,0,0,1,0
22.310543,57.011967,1898.2128,3,1,1,15.759465,0,73.41357,2022,1,30,19,1,5,0,0,0,1,0,0,0,0,0,1,0
29.880898,51.59409,1988.8485,2,0,1,6.9493136,1,81.75603,2022,1,30,20,1,5,0,0,0,1,0,0,0,0,0,1,0
27.997372,51.608685,1747.4264,3,1,0,25.490112,0,86.77322,2022,1,30,21,1,5,0,0,0,1,0,0,0,0,0,1,0
25.169737,40.846947,1466.323,2,1,1,14.298108,1,67.216095,2022,1,30,22,1,5,0,0,0,1,0,0,0,0,0,1,0
24.495983,58.370594,1747.4873,0,0,0,20.059858,0,71.72716,2022,1,30,23,1,5,0,0,0,1,0,0,0,1,0,0,0
26.336922,59.95006,1516.9019,5,1,1,3.715845,0,82.49632,2022,1,31,0,0,5,0,1,0,0,0,0,0,1,0,0,0
27.607876,58.645813,1577.6617,1,1,0,0.064392686,1,76.737686,2022,1,31,1,0,5,0,1,0,0,0,0,0,1,0,0,0
26.529837,51.740173,1029.7362,3,1,1,25.289463,1,93.218414,2022,1,31,2,0,5,0,1,0,0,0,0,0,1,0,0,0
21.905272,56.233383,1149.3025,1,0,1,5.031505,1,78.394554,2022,1,31,3,0,5,0,1,0,0,0,0,0,1,0,0,0
24.470007,56.05589,1495.7751,4,0,0,22.582155,0,68.49892,2022,1,31,4,0,5,0,1,0,0,0,0,0,1,0,0,0
26.035929,54.848667,1473.1333,5,1,0,4.9915566,0,73.62369,2022,1,31,5,0,5,0,1,0,0,0,0,0,0,1,0,0
27.621687,57.464596,1294.0801,1,1,0,23.026804,0,84.160065,2022,1,31,6,0,5,0,1,0,0,0,0,0,0,1,0,0
23.659695,34.094273,1403.3727,0,0,1,20.592358,0,71.95239,2022,1,31,7,0,5,0,1,0,0,0,0,0,0,1,0,0
28.253689,53.14133,1940.8988,0,0,1,13.743238,0,86.85308,2022,1,31,8,0,5,0,1,0,0,0,0,0,0,1,0,0
23.29193,52.13918,1249.7397,2,1,0,23.034883,1,76.9612,2022,1,31,9,0,5,0,1,0,0,0,0,0,0,1,0,0
23.512909,38.977818,1810.8735,1,0,0,3.1224837,0,64.734085,2022,1,31,10,0,5,0,1,0,0,0,0,0,0,1,0,0
20.818449,39.28792,1734.9232,4,0,1,24.291044,1,60.71935,2022,1,31,11,0,5,0,1,0,0,0,0,0,0,1,0,0
24.258572,32.210804,1210.1996,1,1,0,2.0578318,1,79.536415,2022,1,31,12,0,5,0,1,0,0,0,0,0,0,0,0,1
22.859093,54.96599,1582.2627,2,0,0,19.466652,1,71.89592,2022,1,31,13,0,5,0,1,0,0,0,0,0,0,0,0,1
27.872883,57.02119,1280.5105,2,1,0,3.2930672,1,82.2988,2022,1,31,14,0,5,0,1,0,0,0,0,0,0,0,0,1
28.822227,36.073547,1581.5527,9,1,0,28.184902,1,86.264595,2022,1,31,15,0,5,0,1,0,0,0,0,0,0,0,0,1
26.4805,46.178226,1723.8442,1,1,0,2.0510552,1,77.18138,2022,1,31,16,0,5,0,1,0,0,0,0,0,0,0,0,1
27.18535,33.581352,1457.5664,4,1,0,4.312261,0,88.35161,2022,1,31,17,0,5,0,1,0,0,0,0,0,0,0,0,1
28.108717,38.086487,1933.5477,0,1,1,26.074015,1,79.66831,2022,1,31,18,0,5,0,1,0,0,0,0,0,0,0,1,0
24.67816,50.184795,1896.7214,6,0,1,7.288808,0,75.38754,2022,1,31,19,0,5,0,1,0,0,0,0,0,0,0,1,0
25.154024,37.59349,1869.5985,6,0,1,5.1766005,1,79.431366,2022,1,31,20,0,5,0,1,0,0,0,0,0,0,0,1,0
27.919159,59.954514,1511.2815,8,0,1,3.7365012,1,90.898506,2022,1,31,21,0,5,0,1,0,0,0,0,0,0,0,1,0
20.481909,35.045494,1897.4565,3,0,1,19.67229,1,58.820473,2022,1,31,22,0,5,0,1,0,0,0,0,0,0,0,1,0
21.158264,59.859222,1534.5369,0,0,1,20.570349,1,63.875927,2022,1,31,23,0,5,0,1,0,0,0,0,0,1,0,0,0
28.184267,41.70194,1861.8763,3,1,0,0.48766997,1,92.37619,2022,2,1,0,0,5,0,0,0,0,0,1,0,1,0,0,0
26.983444,45.60342,1394.2572,5,0,1,12.696882,0,78.40883,2022,2,1,1,0,5,0,0,0,0,0,1,0,1,0,0,0
21.536364,54.375534,1740.0479,4,0,0,24.019403,0,67.42856,2022,2,1,2,0,5,0,0,0,0,0,1,0,1,0,0,0
28.089947,42.005466,1808.6361,6,0,0,0.9939625,0,72.95783,2022,2,1,3,0,5,0,0,0,0,0,1,0,1,0,0,0
27.89824,41.329926,1354.5723,9,1,0,14.305943,0,84.57865,2022,2,1,4,0,5,0,0,0,0,0,1,0,1,0,0,0
28.295124,42.78463,1141.1617,1,0,0,9.487899,1,61.491394,2022,2,1,5,0,5,0,0,0,0,0,1,0,0,1,0,0
27.565706,41.41368,1300.9318,8,1,0,28.173943,1,88.92697,2022,2,1,6,0,5,0,0,0,0,0,1,0,0,1,0,0
20.544785,44.476994,1299.8093,9,1,0,1.0576152,1,73.050255,2022,2,1,7,0,5,0,0,0,0,0,1,0,0,1,0,0
26.001472,38.59813,1825.5957,7,1,1,9.576103,1,81.88644,2022,2,1,8,0,5,0,0,0,0,0,1,0,0,1,0,0
21.212029,53.085415,1959.6984,1,0,0,15.457782,0,58.242096,2022,2,1,9,0,5,0,0,0,0,0,1,0,0,1,0,0
24.397564,58.18814,1562.445,4,1,1,20.731728,1,75.12129,2022,2,1,10,0,5,0,0,0,0,0,1,0,0,1,0,0
29.297663,47.351105,1035.0038,7,0,0,1.022636,0,85.90455,2022,2,1,11,0,5,0,0,0,0,0,1,0,0,1,0,0
25.601553,56.729515,1667.7289,3,0,1,16.4554,0,76.74887,2022,2,1,12,0,5,0,0,0,0,0,1,0,0,0,0,1
24.671894,38.469643,1319.5261,1,0,1,1.1204553,1,64.20733,2022,2,1,13,0,5,0,0,0,0,0,1,0,0,0,0,1
20.225128,58.498653,1590.2865,5,0,0,22.932032,0,56.849827,2022,2,1,14,0,5,0,0,0,0,0,1,0,0,0,0,1
29.65388,33.011597,1369.8113,0,1,0,28.741121,0,87.79269,2022,2,1,15,0,5,0,0,0,0,0,1,0,0,0,0,1
25.650963,56.06641,1737.5597,5,0,0,0.32653362,1,71.45985,2022,2,1,16,0,5,0,0,0,0,0,1,0,0,0,0,1
25.64902,57.80122,1126.8202,6,0,0,15.2915,0,73.97684,2022,2,1,17,0,5,0,0,0,0,0,1,0,0,0,0,1
24.718256,59.499615,1269.5498,8,1,0,26.241112,1,76.267624,2022,2,1,18,0,5,0,0,0,0,0,1,0,0,0,1,0
28.893682,44.828114,1834.5155,7,1,0,19.047321,1,90.01826,2022,2,1,19,0,5,0,0,0,0,0,1,0,0,0,1,0
25.215366,58.633965,1604.7935,5,0,1,14.734937,0,79.766464,2022,2,1,20,0,5,0,0,0,0,0,1,0,0,0,1,0
24.585773,36.113003,1210.5365,5,1,0,27.444017,0,87.170296,2022,2,1,21,0,5,0,0,0,0,0,1,0,0,0,1,0
24.375954,34.52069,1401.9603,9,0,1,0.72938955,1,80.87062,2022,2,1,22,0,5,0,0,0,0,0,1,0,0,0,1,0
26.252275,46.65925,1616.2631,8,1,0,8.268863,0,88.08449,2022,2,1,23,0,5,0,0,0,0,0,1,0,1,0,0,0
25.431326,45.756023,1664.4271,2,1,0,4.5187,1,75.220146,2022,2,2,0,0,5,0,0,0,0,0,0,1,1,0,0,0
29.649918,56.29287,1113.9094,9,0,1,29.535063,1,81.22613,2022,2,2,1,0,5,0,0,0,0,0,0,1,1,0,0,0
24.019197,56.048664,1999.751,0,0,1,19.926804,0,72.72345,2022,2,2,2,0,5,0,0,0,0,0,0,1,1,0,0,0
26.265253,41.64147,1827.557,3,0,1,9.842528,0,87.19433,2022,2,2,3,0,5,0,0,0,0,0,0,1,1,0,0,0
20.46337,56.848026,1071.2106,5,1,1,8.895922,1,75.5246,2022,2,2,4,0,5,0,0,0,0,0,0,1,1,0,0,0
28.964699,59.253426,1974.2155,9,0,0,29.821522,0,86.739876,2022,2,2,5,0,5,0,0,0,0,0,0,1,0,1,0,0
26.701124,55.33088,1803.0885,5,1,1,29.569239,1,83.527435,2022,2,2,6,0,5,0,0,0,0,0,0,1,0,1,0,0
20.086538,51.56311,1872.9606,4,0,0,16.87585,0,77.287285,2022,2,2,7,0,5,0,0,0,0,0,0,1,0,1,0,0
25.754692,49.21121,1111.3925,1,0,0,5.6472077,0,70.97033,2022,2,2,8,0,5,0,0,0,0,0,0,1,0,1,0,0
27.301607,57.97121,1250.3866,8,0,0,3.496471,0,77.3946,2022,2,2,9,0,5,0,0,0,0,0,0,1,0,1,0,0
23.798702,57.170288,1605.7301,7,0,1,4.20964,1,64.484406,2022,2,2,10,0,5,0,0,0,0,0,0,1,0,1,0,0
23.926435,56.13283,1923.9042,0,0,0,24.314705,0,66.07285,2022,2,2,11,0,5,0,0,0,0,0,0,1,0,1,0,0
20.973843,31.838593,1296.1146,6,0,1,18.320072,0,72.7063,2022,2,2,12,0,5,0,0,0,0,0,0,1,0,0,0,1
21.51113,44.12495,1385.8989,9,0,1,19.801739,1,70.34078,2022,2,2,13,0,5,0,0,0,0,0,0,1,0,0,0,1
27.43684,55.004112,1346.7389,6,0,0,20.373884,1,81.004135,2022,2,2,14,0,5,0,0,0,0,0,0,1,0,0,0,1
25.955458,38.289303,1580.4552,2,1,0,28.80034,0,78.44143,2022,2,2,15,0,5,0,0,0,0,0,0,1,0,0,0,1
23.267612,57.282604,1238.5359,3,1,0,9.5468855,1,73.09044,2022,2,2,16,0,5,0,0,0,0,0,0,1,0,0,0,1
21.229195,39.55323,1415.6051,7,0,0,5.221336,1,67.92959,2022,2,2,17,0,5,0,0,0,0,0,0,1,0,0,0,1
28.494738,51.328056,1321.5454,4,1,1,7.354698,1,91.944626,2022,2,2,18,0,5,0,0,0,0,0,0,1,0,0,1,0
23.154947,47.363766,1164.5411,5,0,0,0.5158535,0,70.06946,2022,2,2,19,0,5,0,0,0,0,0,0,1,0,0,1,0
20.657513,46.07319,1784.3851,2,0,1,26.609392,1,68.973114,2022,2,2,20,0,5,0,0,0,0,0,0,1,0,0,1,0
24.181086,50.47679,1871.1484,9,0,1,20.25168,1,81.74305,2022,2,2,21,0,5,0,0,0,0,0,0,1,0,0,1,0
22.7173,34.686398,1959.0698,6,0,1,21.79789,0,71.40042,2022,2,2,22,0,5,0,0,0,0,0,0,1,0,0,1,0
22.969477,39.750446,1621.9016,2,1,0,25.966927,1,69.56545,2022,2,2,23,0,5,0,0,0,0,0,0,1,1,0,0,0
28.721514,43.155968,1762.9344,7,1,1,17.359957,0,87.721535,2022,2,3,0,0,5,0,0,0,0,1,0,0,1,0,0,0
26.823036,39.000664,1998.4396,3,1,0,23.662535,1,88.546906,2022,2,3,1,0,5,0,0,0,0,1,0,0,1,0,0,0
23.629263,50.651028,1290.9856,2,1,0,6.1069436,1,74.44998,2022,2,3,2,0,5,0,0,0,0,1,0,0,1,0,0,0
20.58489,39.25839,1831.0104,0,1,1,17.173725,0,69.193146,2022,2,3,3,0,5,0,0,0,0,1,0,0,1,0,0,0
25.509993,35.479073,1950.3555,8,0,0,23.269033,0,88.596725,2022,2,3,4,0,5,0,0,0,0,1,0,0,1,0,0,0
22.762377,43.312725,1803.3593,6,1,0,7.930077,0,73.58727,2022,2,3,5,0,5,0,0,0,0,1,0,0,0,1,0,0
28.533588,37.003063,1697.3992,1,0,1,7.059707,0,75.74823,2022,2,3,6,0,5,0,0,0,0,1,0,0,0,1,0,0
23.939926,32.804436,1712.3883,5,0,1,14.248995,0,73.12947,2022,2,3,7,0,5,0,0,0,0,1,0,0,0,1,0,0
25.56661,35.101093,1535.8121,8,1,0,3.8493536,0,82.91047,2022,2,3,8,0,5,0,0,0,0,1,0,0,0,1,0,0
24.083612,36.47498,1924.2659,0,1,0,23.007805,0,68.27241,2022,2,3,9,0,5,0,0,0,0,1,0,0,0,1,0,0
24.739662,45.583008,1668.3767,2,0,1,20.607769,0,71.58317,2022,2,3,10,0,5,0,0,0,0,1,0,0,0,1,0,0
20.044357,30.652185,1038.8319,1,0,1,13.50109,0,67.2211,2022,2,3,11,0,5,0,0,0,0,1,0,0,0,1,0,0
20.993994,39.413788,1294.8282,3,1,0,28.089481,0,80.08033,2022,2,3,12,0,5,0,0,0,0,1,0,0,0,0,0,1
26.091473,53.9612,1722.1757,9,1,0,19.665735,0,74.244225,2022,2,3,13,0,5,0,0,0,0,1,0,0,0,0,0,1
28.012466,46.211685,1637.2002,5,0,1,10.522448,1,87.809525,2022,2,3,14,0,5,0,0,0,0,1,0,0,0,0,0,1
28.542788,36.451626,1088.1122,8,1,1,5.4779644,1,86.32517,2022,2,3,15,0,5,0,0,0,0,1,0,0,0,0,0,1
28.40812,37.883923,1457.6023,8,1,1,29.22316,1,84.790825,2022,2,3,16,0,5,0,0,0,0,1,0,0,0,0,0,1
22.995708,45.79453,1136.1235,3,1,1,15.449532,0,66.23213,2022,2,3,17,0,5,0,0,0,0,1,0,0,0,0,0,1
20.833183,56.663246,1273.1785,3,1,1,6.310262,0,71.54282,2022,2,3,18,0,5,0,0,0,0,1,0,0,0,0,1,0
25.78324,51.60966,1556.7754,7,0,1,13.191075,1,79.55821,2022,2,3,19,0,5,0,0,0,0,1,0,0,0,0,1,0
21.51126,35.197887,1420.145,9,0,0,2.7796464,1,62.950256,2022,2,3,20,0,5,0,0,0,0,1,0,0,0,0,1,0
21.948975,55.600567,1514.8019,6,0,1,27.836735,0,66.18474,2022,2,3,21,0,5,0,0,0,0,1,0,0,0,0,1,0
26.014881,35.757404,1773.0198,0,0,1,19.554035,1,83.07569,2022,2,3,22,0,5,0,0,0,0,1,0,0,0,0,1,0
25.191692,47.51944,1192.604,2,0,0,24.853825,1,71.48229,2022,2,3,23,0,5,0,0,0,0,1,0,0,1,0,0,0
28.265045,56.793293,1932.1346,6,0,0,26.319443,0,83.384026,2022,2,4,0,0,6,1,0,0,0,0,0,0,1,0,0,0
24.50755,42.966827,1328.1528,1,0,1,4.199481,1,73.2699,2022,2,4,1,0,6,1,0,0,0,0,0,0,1,0,0,0
24.288713,48.367447,1906.0239,7,0,0,20.003912,1,70.20728,2022,2,4,2,0,6,1,0,0,0,0,0,0,1,0,0,0
24.071035,39.90131,1312.2733,3,0,0,3.7351084,0,66.30486,2022,2,4,3,0,6,1,0,0,0,0,0,0,1,0,0,0
24.103346,35.692112,1051.091,0,1,0,10.888456,0,74.97728,2022,2,4,4,0,6,1,0,0,0,0,0,0,1,0,0,0
21.571152,58.058567,1426.7747,7,0,1,1.9612294,0,74.38875,2022,2,4,5,0,6,1,0,0,0,0,0,0,0,1,0,0
28.285639,56.603832,1961.12,3,1,1,27.28388,1,86.12235,2022,2,4,6,0,6,1,0,0,0,0,0,0,0,1,0,0
23.784267,32.470646,1352.6431,8,0,1,6.2781324,1,67.89022,2022,2,4,7,0,6,1,0,0,0,0,0,0,0,1,0,0
21.79774,52.26493,1133.2308,3,1,0,10.277351,0,75.978264,2022,2,4,8,0,6,1,0,0,0,0,0,0,0,1,0,0
21.42627,30.231789,1942.9797,8,0,0,16.039856,1,76.68428,2022,2,4,9,0,6,1,0,0,0,0,0,0,0,1,0,0
29.052977,40.75144,1233.3099,2,1,1,27.470798,1,83.05469,2022,2,4,10,0,6,1,0,0,0,0,0,0,0,1,0,0
28.76533,34.666798,1739.9733,9,1,0,29.571152,0,96.45214,2022,2,4,11,0,6,1,0,0,0,0,0,0,0,1,0,0
22.54083,34.84813,1895.4156,7,0,0,15.038441,1,80.20604,2022,2,4,12,0,6,1,0,0,0,0,0,0,0,0,0,1
26.550226,50.419697,1113.8793,2,1,0,8.536276,0,81.27375,2022,2,4,13,0,6,1,0,0,0,0,0,0,0,0,0,1
28.928387,41.102894,1652.3281,9,0,0,27.915318,0,88.205666,2022,2,4,14,0,6,1,0,0,0,0,0,0,0,0,0,1
24.370546,43.78369,1358.56,3,1,0,26.375597,1,79.60891,2022,2,4,15,0,6,1,0,0,0,0,0,0,0,0,0,1
20.646828,58.475254,1233.7186,2,0,1,7.775228,0,61.398888,2022,2,4,16,0,6,1,0,0,0,0,0,0,0,0,0,1
28.95983,38.063145,1191.0726,2,0,1,23.513376,0,83.78844,2022,2,4,17,0,6,1,0,0,0,0,0,0,0,0,0,1
28.33608,47.137512,1696.0024,0,1,1,18.714827,1,87.35826,2022,2,4,18,0,6,1,0,0,0,0,0,0,0,0,1,0
29.229004,56.383167,1803.7767,1,1,0,3.412665,0,84.58918,2022,2,4,19,0,6,1,0,0,0,0,0,0,0,0,1,0
26.718431,32.28247,1735.3179,5,0,1,22.309696,1,80.055885,2022,2,4,20,0,6,1,0,0,0,0,0,0,0,0,1,0
24.567598,42.836723,1217.0236,9,0,0,25.350626,1,74.61538,2022,2,4,21,0,6,1,0,0,0,0,0,0,0,0,1,0
25.381939,51.104866,1709.6804,7,0,1,19.034464,1,74.86247,2022,2,4,22,0,6,1,0,0,0,0,0,0,0,0,1,0
29.38146,44.66528,1565.5609,8,1,0,11.194146,1,93.15131,2022,2,4,23,0,6,1,0,0,0,0,0,0,1,0,0,0
28.798147,44.18604,1160.5079,6,0,0,25.187819,0,84.37746,2022,2,5,0,1,6,0,0,1,0,0,0,0,1,0,0,0
26.580332,46.390396,1665.3254,2,1,0,29.749527,1,80.01859,2022,2,5,1,1,6,0,0,1,0,0,0,0,1,0,0,0
29.630499,47.168537,1507.9186,9,0,1,24.39504,0,91.62295,2022,2,5,2,1,6,0,0,1,0,0,0,0,1,0,0,0
28.45056,32.84903,1152.2324,2,1,0,4.758403,1,77.51481,2022,2,5,3,1,6,0,0,1,0,0,0,0,1,0,0,0
25.223207,48.46967,1930.3378,7,0,0,21.177309,0,79.13007,2022,2,5,4,1,6,0,0,1,0,0,0,0,1,0,0,0
24.090883,49.089527,1014.02734,6,0,1,20.68327,0,78.48402,2022,2,5,5,1,6,0,0,1,0,0,0,0,0,1,0,0
26.716131,57.3477,1540.8813,1,0,1,12.275894,1,85.898186,2022,2,5,6,1,6,0,0,1,0,0,0,0,0,1,0,0
24.00783,58.436554,1119.8457,2,1,0,17.63988,1,83.40112,2022,2,5,7,1,6,0,0,1,0,0,0,0,0,1,0,0
25.168297,40.026546,1632.9586,2,0,1,2.3668814,0,63.216576,2022,2,5,8,1,6,0,0,1,0,0,0,0,0,1,0,0
22.277391,39.728386,1458.9692,3,0,1,25.775955,1,73.224625,2022,2,5,9,1,6,0,0,1,0,0,0,0,0,1,0,0
25.606915,46.00865,1777.5295,8,0,1,3.123198,1,81.049805,2022,2,5,10,1,6,0,0,1,0,0,0,0,0,1,0,0
25.3479,32.939354,1806.3765,4,1,1,15.390043,1,79.195854,2022,2,5,11,1,6,0,0,1,0,0,0,0,0,1,0,0
28.797384,44.391254,1505.0127,3,0,0,17.879137,1,88.29432,2022,2,5,12,1,6,0,0,1,0,0,0,0,0,0,0,1
27.510662,32.420673,1395.7559,0,1,1,12.36941,1,82.97343,2022,2,5,13,1,6,0,0,1,0,0,0,0,0,0,0,1
21.674992,35.916824,1151.4285,8,0,1,9.794714,1,72.92882,2022,2,5,14,1,6,0,0,1,0,0,0,0,0,0,0,1
27.888205,48.11592,1413.0566,9,0,1,19.882578,0,81.497826,2022,2,5,15,1,6,0,0,1,0,0,0,0,0,0,0,1
22.010422,54.239166,1558.2029,3,1,1,10.3699665,1,69.231,2022,2,5,16,1,6,0,0,1,0,0,0,0,0,0,0,1
23.12436,43.100174,1369.6467,5,1,0,26.001577,0,75.865364,2022,2,5,17,1,6,0,0,1,0,0,0,0,0,0,0,1
29.087374,37.304966,1315.3893,0,1,1,28.472736,0,91.75554,2022,2,5,18,1,6,0,0,1,0,0,0,0,0,0,1,0
26.047215,35.85153,1724.805,5,0,0,23.913391,1,85.13386,2022,2,5,19,1,6,0,0,1,0,0,0,0,0,0,1,0
26.987898,56.78538,1149.6564,0,1,0,7.502224,1,82.56069,2022,2,5,20,1,6,0,0,1,0,0,0,0,0,0,1,0
21.09689,47.197906,1353.0032,9,1,1,28.517626,1,67.73073,2022,2,5,21,1,6,0,0,1,0,0,0,0,0,0,1,0
29.740915,34.11705,1922.8828,5,1,1,28.439487,1,96.1293,2022,2,5,22,1,6,0,0,1,0,0,0,0,0,0,1,0
21.174843,32.800465,1119.1447,8,0,0,26.392052,0,70.837585,2022,2,5,23,1,6,0,0,1,0,0,0,0,1,0,0,0
26.608482,48.625484,1396.9781,6,1,0,26.784557,0,80.981705,2022,2,6,0,1,6,0,0,0,1,0,0,0,1,0,0,0
20.036287,38.687584,1338.6334,0,1,0,25.773464,0,65.356064,2022,2,6,1,1,6,0,0,0,1,0,0,0,1,0,0,0
22.718206,59.729824,1727.5635,2,0,1,13.502206,1,72.04003,2022,2,6,2,1,6,0,0,0,1,0,0,0,1,0,0,0
24.98107,40.597122,1774.3706,1,0,0,28.872774,0,77.12078,2022,2,6,3,1,6,0,0,0,1,0,0,0,1,0,0,0
21.766912,53.6799,1117.8517,7,1,0,19.928967,0,75.34853,2022,2,6,4,1,6,0,0,0,1,0,0,0,1,0,0,0
26.336529,38.576714,1351.8944,2,0,0,4.689327,1,71.397606,2022,2,6,5,1,6,0,0,0,1,0,0,0,0,1,0,0
27.759537,46.744987,1676.7657,1,1,1,4.7936964,0,86.08527,2022,2,6,6,1,6,0,0,0,1,0,0,0,0,1,0,0
28.35772,42.098156,1974.8436,3,1,0,14.912972,0,93.38116,2022,2,6,7,1,6,0,0,0,1,0,0,0,0,1,0,0
29.958815,55.970184,1418.6184,1,1,1,3.5305097,1,96.82702,2022,2,6,8,1,6,0,0,0,1,0,0,0,0,1,0,0
25.048836,59.93871,1655.8798,8,1,0,20.036705,1,80.88731,2022,2,6,9,1,6,0,0,0,1,0,0,0,0,1,0,0
22.595293,33.609493,1013.5376,1,1,1,18.21754,1,69.220375,2022,2,6,10,1,6,0,0,0,1,0,0,0,0,1,0,0
24.009127,45.67663,1661.566,5,0,1,14.085885,0,60.91932,2022,2,6,11,1,6,0,0,0,1,0,0,0,0,1,0,0
22.368437,38.06663,1244.2777,6,1,1,29.363087,1,75.53857,2022,2,6,12,1,6,0,0,0,1,0,0,0,0,0,0,1
27.539516,50.869606,1202.4963,8,0,1,13.923895,0,79.79984,2022,2,6,13,1,6,0,0,0,1,0,0,0,0,0,0,1
20.244432,39.796803,1366.349,1,1,1,22.453032,0,71.5491,2022,2,6,14,1,6,0,0,0,1,0,0,0,0,0,0,1
29.017836,32.134792,1990.998,2,1,0,0.29986167,0,84.69091,2022,2,6,15,1,6,0,0,0,1,0,0,0,0,0,0,1
26.379175,56.623604,1504.3401,4,1,1,13.042606,0,83.60758,2022,2,6,16,1,6,0,0,0,1,0,0,0,0,0,0,1
27.13107,54.30234,1728.8306,6,1,0,14.439097,0,75.65002,2022,2,6,17,1,6,0,0,0,1,0,0,0,0,0,0,1
24.411232,38.30053,1657.3947,1,1,1,28.864792,0,75.87689,2022,2,6,18,1,6,0,0,0,1,0,0,0,0,0,1,0
24.379625,39.06645,1875.1853,6,1,1,3.8722847,0,81.097206,2022,2,6,19,1,6,0,0,0,1,0,0,0,0,0,1,0
20.685806,45.277626,1943.3888,4,0,1,1.3545927,1,65.309204,2022,2,6,20,1,6,0,0,0,1,0,0,0,0,0,1,0
26.302822,38.027798,1660.8242,3,0,1,14.869983,1,76.12563,2022,2,6,21,1,6,0,0,0,1,0,0,0,0,0,1,0
23.208128,50.522987,1576.6503,8,0,0,23.509792,0,73.72565,2022,2,6,22,1,6,0,0,0,1,0,0,0,0,0,1,0
23.466028,58.221878,1548.1842,8,0,0,5.386863,1,70.17277,2022,2,6,23,1,6,0,0,0,1,0,0,0,1,0,0,0
22.46008,49.59211,1842.1108,7,1,0,13.609143,1,67.46719,2022,2,7,0,0,6,0,1,0,0,0,0,0,1,0,0,0
21.924343,46.186127,1495.4707,5,1,0,18.037228,0,76.654205,2022,2,7,1,0,6,0,1,0,0,0,0,0,1,0,0,0
23.978815,35.23789,1567.5878,5,0,1,24.214642,0,74.08848,2022,2,7,2,0,6,0,1,0,0,0,0,0,1,0,0,0
22.731203,52.431767,1353.6937,3,0,1,2.74419,0,70.68157,2022,2,7,3,0,6,0,1,0,0,0,0,0,1,0,0,0
29.678982,56.636715,1977.6384,2,0,1,5.7514815,1,89.392006,2022,2,7,4,0,6,0,1,0,0,0,0,0,1,0,0,0
28.343899,50.747627,1345.8168,0,0,0,29.944714,1,82.97683,2022,2,7,5,0,6,0,1,0,0,0,0,0,0,1,0,0
23.75753,32.637695,1131.596,9,1,1,8.0158825,1,82.21007,2022,2,7,6,0,6,0,1,0,0,0,0,0,0,1,0,0
21.7614,32.855503,1521.8704,2,1,1,16.4502,0,73.55269,2022,2,7,7,0,6,0,1,0,0,0,0,0,0,1,0,0
21.210962,54.61357,1698.8531,5,1,1,5.9682083,1,77.21726,2022,2,7,8,0,6,0,1,0,0,0,0,0,0,1,0,0
20.979576,49.988346,1495.3817,0,1,1,12.516926,1,75.64266,2022,2,7,9,0,6,0,1,0,0,0,0,0,0,1,0,0
26.546251,41.28842,1870.8444,6,0,0,10.218424,0,79.10798,2022,2,7,10,0,6,0,1,0,0,0,0,0,0,1,0,0
22.615622,59.6643,1249.8564,4,0,1,29.745693,0,72.99208,2022,2,7,11,0,6,0,1,0,0,0,0,0,0,1,0,0
21.862446,41.168922,1858.026,0,0,0,11.792013,0,67.25414,2022,2,7,12,0,6,0,1,0,0,0,0,0,0,0,0,1
24.526268,47.728764,1810.4812,4,1,1,8.670126,1,80.13297,2022,2,7,13,0,6,0,1,0,0,0,0,0,0,0,0,1
26.03598,44.44487,1558.706,4,0,0,4.7398467,0,77.545166,2022,2,7,14,0,6,0,1,0,0,0,0,0,0,0,0,1
22.390821,41.21185,1672.3636,8,0,0,29.770185,0,73.937,2022,2,7,15,0,6,0,1,0,0,0,0,0,0,0,0,1
25.72431,48.997704,1839.5388,9,1,0,28.34469,0,90.68397,2022,2,7,16,0,6,0,1,0,0,0,0,0,0,0,0,1
28.739214,40.613564,1581.0282,8,1,1,17.375717,0,84.48618,2022,2,7,17,0,6,0,1,0,0,0,0,0,0,0,0,1
29.983479,52.303997,1493.7977,0,0,1,1.4099841,1,74.65313,2022,2,7,18,0,6,0,1,0,0,0,0,0,0,0,1,0
27.475826,36.33066,1013.0727,1,1,0,22.891634,0,76.26071,2022,2,7,19,0,6,0,1,0,0,0,0,0,0,0,1,0
24.21723,45.40965,1407.6945,1,0,0,8.746844,1,64.04592,2022,2,7,20,0,6,0,1,0,0,0,0,0,0,0,1,0
22.921286,45.049843,1770.6582,4,1,1,19.452682,1,77.31038,2022,2,7,21,0,6,0,1,0,0,0,0,0,0,0,1,0
21.351513,48.120407,1134.805,6,0,1,24.554575,0,74.94898,2022,2,7,22,0,6,0,1,0,0,0,0,0,0,0,1,0
24.347015,42.80967,1361.5085,0,1,1,24.4434,1,78.70128,2022,2,7,23,0,6,0,1,0,0,0,0,0,1,0,0,0
29.966555,40.787983,1770.7188,9,0,1,27.683498,0,85.17024,2022,2,8,0,0,6,0,0,0,0,0,1,0,1,0,0,0
23.895525,41.998543,1297.5228,8,1,0,13.580306,1,83.94589,2022,2,8,1,0,6,0,0,0,0,0,1,0,1,0,0,0
29.285383,58.63842,1681.2957,0,0,1,18.161638,0,74.34244,2022,2,8,2,0,6,0,0,0,0,0,1,0,1,0,0,0
27.227629,50.833065,1012.1742,7,0,0,16.854584,1,84.7401,2022,2,8,3,0,6,0,0,0,0,0,1,0,1,0,0,0
28.98694,55.726513,1114.4059,8,1,1,6.2150483,0,95.5708,2022,2,8,4,0,6,0,0,0,0,0,1,0,1,0,0,0
25.520464,51.502575,1024.2921,1,1,0,2.4054286,0,79.2974,2022,2,8,5,0,6,0,0,0,0,0,1,0,0,1,0,0
20.874725,36.72813,1736.059,7,1,0,27.853754,0,66.56249,2022,2,8,6,0,6,0,0,0,0,0,1,0,0,1,0,0
23.378971,55.594276,1728.0077,6,1,0,10.965171,0,83.39738,2022,2,8,7,0,6,0,0,0,0,0,1,0,0,1,0,0
25.973845,55.792313,1958.3789,4,1,0,3.7672374,0,84.07356,2022,2,8,8,0,6,0,0,0,0,0,1,0,0,1,0,0
22.264566,40.735752,1315.0243,1,0,0,20.540905,1,68.01887,2022,2,8,9,0,6,0,0,0,0,0,1,0,0,1,0,0
25.511826,57.984478,1256.278,6,0,0,20.082159,0,79.29217,2022,2,8,10,0,6,0,0,0,0,0,1,0,0,1,0,0
24.376776,47.062614,1269.5732,8,0,0,16.222609,1,72.4229,2022,2,8,11,0,6,0,0,0,0,0,1,0,0,1,0,0
26.773584,42.87456,1645.1461,0,0,1,11.1029625,1,78.65716,2022,2,8,12,0,6,0,0,0,0,0,1,0,0,0,0,1
28.364801,49.04874,1766.2695,9,1,1,7.3180666,1,92.05847,2022,2,8,13,0,6,0,0,0,0,0,1,0,0,0,0,1
24.102955,30.905798,1214.9576,4,1,1,3.0409405,1,73.480515,2022,2,8,14,0,6,0,0,0,0,0,1,0,0,0,0,1
21.257015,35.17672,1702.494,1,1,0,24.245573,1,75.18282,2022,2,8,15,0,6,0,0,0,0,0,1,0,0,0,0,1
23.50915,50.84868,1039.0485,0,0,0,9.27333,1,72.962326,2022,2,8,16,0,6,0,0,0,0,0,1,0,0,0,0,1
22.92891,31.499456,1173.191,1,0,1,6.9043236,1,79.488976,2022,2,8,17,0,6,0,0,0,0,0,1,0,0,0,0,1
20.96663,57.771286,1197.5542,6,0,1,12.1729965,0,71.97591,2022,2,8,18,0,6,0,0,0,0,0,1,0,0,0,1,0
24.831324,57.253456,1521.8163,7,0,0,21.177862,0,70.05016,2022,2,8,19,0,6,0,0,0,0,0,1,0,0,0,1,0
29.96347,45.006214,1402.8506,6,1,0,27.551567,1,88.6284,2022,2,8,20,0,6,0,0,0,0,0,1,0,0,0,1,0
22.757238,36.166527,1338.993,9,1,0,9.301831,1,74.72369,2022,2,8,21,0,6,0,0,0,0,0,1,0,0,0,1,0
29.99867,40.243843,1866.0743,3,1,0,21.10485,0,86.84049,2022,2,8,22,0,6,0,0,0,0,0,1,0,0,0,1,0
27.44671,54.86062,1072.0455,6,0,1,16.051622,1,74.32751,2022,2,8,23,0,6,0,0,0,0,0,1,0,1,0,0,0
20.279354,44.436455,1631.1737,4,1,1,12.668611,0,63.298668,2022,2,9,0,0,6,0,0,0,0,0,0,1,1,0,0,0
29.607943,53.482525,1458.1257,0,1,0,11.733417,0,90.27979,2022,2,9,1,0,6,0,0,0,0,0,0,1,1,0,0,0
24.126518,30.768444,1855.8973,2,1,0,28.533117,0,71.081566,2022,2,9,2,0,6,0,0,0,0,0,0,1,1,0,0,0
21.815878,44.57455,1706.6346,0,0,0,7.4758067,0,65.44361,2022,2,9,3,0,6,0,0,0,0,0,0,1,1,0,0,0
23.118715,56.43582,1069.2577,6,1,1,26.020214,0,72.51224,2022,2,9,4,0,6,0,0,0,0,0,0,1,1,0,0,0
21.650389,48.94624,1928.1577,0,0,0,13.491121,1,64.627594,2022,2,9,5,0,6,0,0,0,0,0,0,1,0,1,0,0
21.111813,58.76896,1929.9235,6,1,0,28.284477,1,69.59832,2022,2,9,6,0,6,0,0,0,0,0,0,1,0,1,0,0
24.801579,48.895172,1456.4219,4,1,1,19.826277,1,75.91929,2022,2,9,7,0,6,0,0,0,0,0,0,1,0,1,0,0
28.52217,39.95781,1633.901,3,1,1,10.287319,1,90.0786,2022,2,9,8,0,6,0,0,0,0,0,0,1,0,1,0,0
24.545242,46.324493,1776.67,6,0,0,28.88556,0,79.813065,2022,2,9,9,0,6,0,0,0,0,0,0,1,0,1,0,0
24.778759,39.145016,1720.4241,9,0,0,14.276384,1,72.359764,2022,2,9,10,0,6,0,0,0,0,0,0,1,0,1,0,0
27.589472,40.469,1521.92,8,0,0,8.235998,0,83.13482,2022,2,9,11,0,6,0,0,0,0,0,0,1,0,1,0,0
22.338108,52.796288,1935.5809,5,0,0,18.683754,1,69.88708,2022,2,9,12,0,6,0,0,0,0,0,0,1,0,0,0,1
28.543205,34.142475,1284.6619,5,0,0,24.014744,1,79.68547,2022,2,9,13,0,6,0,0,0,0,0,0,1,0,0,0,1
23.15955,32.397285,1013.99396,8,1,1,27.026754,1,85.948364,2022,2,9,14,0,6,0,0,0,0,0,0,1,0,0,0,1
25.360813,53.6837,1497.7812,2,1,0,22.447435,1,74.258026,2022,2,9,15,0,6,0,0,0,0,0,0,1,0,0,0,1
27.00329,42.48058,1662.2709,9,0,0,15.603829,0,76.356415,2022,2,9,16,0,6,0,0,0,0,0,0,1,0,0,0,1
25.079779,35.181747,1328.4834,1,1,1,28.29049,1,79.64349,2022,2,9,17,0,6,0,0,0,0,0,0,1,0,0,0,1
26.973465,33.662502,1470.1349,9,0,0,17.589348,0,70.99655,2022,2,9,18,0,6,0,0,0,0,0,0,1,0,0,1,0
21.676012,49.482006,1020.90076,1,1,1,28.050495,1,82.10634,2022,2,9,19,0,6,0,0,0,0,0,0,1,0,0,1,0
27.653986,41.175426,1850.0856,9,1,0,28.897713,0,88.26988,2022,2,9,20,0,6,0,0,0,0,0,0,1,0,0,1,0
23.828505,34.256256,1303.487,8,1,1,20.99964,1,83.56867,2022,2,9,21,0,6,0,0,0,0,0,0,1,0,0,1,0
29.903564,42.493793,1677.9136,5,0,0,14.898544,0,86.33805,2022,2,9,22,0,6,0,0,0,0,0,0,1,0,0,1,0
28.748116,48.888027,1999.9823,6,0,0,13.313383,1,76.7675,2022,2,9,23,0,6,0,0,0,0,0,0,1,1,0,0,0
26.82476,44.48032,1639.7246,0,0,1,20.641685,1,69.989624,2022,2,10,0,0,6,0,0,0,0,1,0,0,1,0,0,0
24.191475,46.789444,1391.9847,7,0,1,11.095044,0,71.83355,2022,2,10,1,0,6,0,0,0,0,1,0,0,1,0,0,0
22.098215,40.972866,1004.11066,4,1,0,17.961628,0,76.93341,2022,2,10,2,0,6,0,0,0,0,1,0,0,1,0,0,0
25.410412,43.7964,1988.4385,7,1,1,3.2597694,1,85.938,2022,2,10,3,0,6,0,0,0,0,1,0,0,1,0,0,0
21.321407,49.251736,1456.1385,0,1,1,8.35604,0,73.764915,2022,2,10,4,0,6,0,0,0,0,1,0,0,1,0,0,0
24.89353,39.764446,1171.5737,8,1,1,15.6392565,1,81.374916,2022,2,10,5,0,6,0,0,0,0,1,0,0,0,1,0,0
20.65343,57.528675,1887.5131,4,1,1,10.958255,1,64.16044,2022,2,10,6,0,6,0,0,0,0,1,0,0,0,1,0,0
21.83707,45.63982,1256.9502,7,0,1,23.307386,0,70.644226,2022,2,10,7,0,6,0,0,0,0,1,0,0,0,1,0,0
22.640602,34.75078,1368.5684,5,1,0,11.367641,1,77.1562,2022,2,10,8,0,6,0,0,0,0,1,0,0,0,1,0,0
21.679493,46.167244,1780.3066,0,1,1,22.638544,1,67.00712,2022,2,10,9,0,6,0,0,0,0,1,0,0,0,1,0,0
25.836935,39.919613,1365.4896,7,0,0,19.965328,1,83.07131,2022,2,10,10,0,6,0,0,0,0,1,0,0,0,1,0,0
28.018438,31.607004,1848.9725,7,0,0,22.589281,0,87.40831,2022,2,10,11,0,6,0,0,0,0,1,0,0,0,1,0,0
25.081028,31.303698,1555.7476,3,0,0,5.2197666,1,81.385155,2022,2,10,12,0,6,0,0,0,0,1,0,0,0,0,0,1
27.418,54.11174,1743.0002,3,0,1,12.657589,0,85.55624,2022,2,10,13,0,6,0,0,0,0,1,0,0,0,0,0,1
24.575068,39.761963,1229.5939,8,0,1,14.685281,1,71.35978,2022,2,10,14,0,6,0,0,0,0,1,0,0,0,0,0,1
25.038166,32.48298,1591.2571,9,1,1,20.969063,1,77.812805,2022,2,10,15,0,6,0,0,0,0,1,0,0,0,0,0,1
23.601095,52.29508,1502.5569,5,0,0,11.974596,0,74.00829,2022,2,10,16,0,6,0,0,0,0,1,0,0,0,0,0,1
21.391321,49.70371,1271.2872,4,0,0,19.740875,1,67.44994,2022,2,10,17,0,6,0,0,0,0,1,0,0,0,0,0,1
26.772684,50.967438,1077.0062,4,0,1,10.325075,0,87.42884,2022,2,10,18,0,6,0,0,0,0,1,0,0,0,0,1,0
21.654188,49.52799,1404.6769,8,1,0,8.181562,1,73.9449,2022,2,10,19,0,6,0,0,0,0,1,0,0,0,0,1,0
28.781033,36.29831,1153.7931,1,0,1,25.612803,0,79.66378,2022,2,10,20,0,6,0,0,0,0,1,0,0,0,0,1,0
21.264103,53.10358,1950.1292,3,1,1,23.586464,0,67.04525,2022,2,10,21,0,6,0,0,0,0,1,0,0,0,0,1,0
24.643517,35.28093,1728.9315,5,0,1,27.902649,0,75.14601,2022,2,10,22,0,6,0,0,0,0,1,0,0,0,0,1,0
23.158493,40.1509,1257.6919,7,0,1,8.468758,0,68.30645,2022,2,10,23,0,6,0,0,0,0,1,0,0,1,0,0,0
20.594337,50.11578,1359.4349,0,0,0,24.286758,0,77.43312,2022,2,11,0,0,7,1,0,0,0,0,0,0,1,0,0,0
28.045023,47.549057,1017.97614,3,0,1,28.689732,1,85.27103,2022,2,11,1,0,7,1,0,0,0,0,0,0,1,0,0,0
22.236948,31.936718,1718.3469,5,0,1,11.377115,1,62.729874,2022,2,11,2,0,7,1,0,0,0,0,0,0,1,0,0,0
23.90782,47.47699,1377.2927,4,1,0,7.06313,0,73.62124,2022,2,11,3,0,7,1,0,0,0,0,0,0,1,0,0,0
29.16942,48.93453,1804.7731,6,1,1,9.914355,1,86.780205,2022,2,11,4,0,7,1,0,0,0,0,0,0,1,0,0,0
21.396572,59.67848,1130.6321,3,0,0,19.441685,1,71.77578,2022,2,11,5,0,7,1,0,0,0,0,0,0,0,1,0,0
22.61967,33.826954,1508.4026,6,1,1,27.1526,0,74.638954,2022,2,11,6,0,7,1,0,0,0,0,0,0,0,1,0,0
21.990213,58.50182,1352.4896,6,0,0,6.2800636,0,64.903076,2022,2,11,7,0,7,1,0,0,0,0,0,0,0,1,0,0
27.621883,52.275173,1853.971,8,0,0,12.005881,1,93.63964,2022,2,11,8,0,7,1,0,0,0,0,0,0,0,1,0,0
28.732843,44.170647,1168.937,9,1,0,4.099815,0,83.29946,2022,2,11,9,0,7,1,0,0,0,0,0,0,0,1,0,0
26.656889,54.16367,1539.6716,8,1,0,28.618944,0,89.964066,2022,2,11,10,0,7,1,0,0,0,0,0,0,0,1,0,0
28.619383,48.85016,1080.087,5,0,0,21.194696,0,82.306694,2022,2,11,11,0,7,1,0,0,0,0,0,0,0,1,0,0
23.836647,47.256435,1705.2351,4,0,1,25.748177,1,66.57732,2022,2,11,12,0,7,1,0,0,0,0,0,0,0,0,0,1
23.00534,48.7205,1320.2853,6,0,1,0.29707858,1,72.75347,2022,2,11,13,0,7,1,0,0,0,0,0,0,0,0,0,1
25.138365,31.30646,1309.0797,3,1,0,20.425163,1,76.950386,2022,2,11,14,0,7,1,0,0,0,0,0,0,0,0,0,1
23.051165,42.61542,1018.1406,6,0,1,2.4556575,0,71.54531,2022,2,11,15,0,7,1,0,0,0,0,0,0,0,0,0,1
